cliente_id,nome,cpf,email
1,Alexander Diaz,53203788384,brooksdeanna@example.org
2,Charles Anthony,43865329839,webbshirley@example.org
3,Travis Harris,51799493876,boydbrittany@example.org
4,Brandi Norman,30890263400,sbarnett@example.com
5,Robin Monroe,60262004626,clarkjeremiah@example.net
6,Mark Hernandez,15145146914,brendajones@example.com
7,Kristi Schaefer,74518728819,kbrown@example.org
8,Justin Maldonado,40201426659,michellesanchez@example.com
9,Rachel Holloway,83082731524,cheryl13@example.com
10,Isaac Carson,84455341018,woodssandra@example.org
11,Ian Jimenez,34597961725,richardstevenson@example.net
12,Katherine Bell,20167610515,kellybrown@example.com
13,Joseph Dickerson,53123157503,zachary41@example.com
14,Sean Martinez,32581216404,mckinneyholly@example.org
15,Angela Bailey,71607839816,fmcintyre@example.net
16,Megan Day,94742079577,daniel73@example.org
17,Michael Cantu,82923892395,jennifer07@example.com
18,Thomas Sullivan,72707083801,camerondouglas@example.com
19,Michelle Vargas,43800645086,stewartbrian@example.net
20,Tiffany Powers,63590590632,tsexton@example.com
21,Michael Foley,52481485453,waynewilliams@example.org
22,William Simmons,63308926130,qwilliams@example.net
23,Todd Washington,68960061957,nicholas89@example.org
24,Mary Tate,37005806158,diamondmartin@example.com
25,Randall Hill,23359361740,pbutler@example.org
26,Colleen Sanders,73356405312,hodiane@example.org
27,Robert Brown,66412393685,zimmermanmonique@example.net
28,Elizabeth White,36285857968,bradley54@example.org
29,Maria Boyer,21787144949,barnesjerry@example.org
30,James Gates,94500803949,tracyparker@example.net
31,Brittany Miller,78173221804,wendywong@example.org
32,Amanda Chavez,83457200873,oliveramy@example.net
33,Jeffrey Smith,74710084013,wagnersteven@example.org
34,Samantha Burns,23755945253,mfox@example.net
35,Amanda Harris,78157889259,janet05@example.net
36,Lynn Martinez,17678008985,vcurry@example.net
37,Charles Potter,23205455799,michael33@example.net
38,Raymond Jones,14819272560,jamesparker@example.net
39,Amy Robinson,67212148556,bakergregory@example.org
40,Tracy Wood,50735801988,nicholsrobert@example.net
41,George Morgan,76518033062,xwright@example.com
42,Maria Buck,44055648166,griffinamber@example.com
43,Nancy King,40969159989,ljackson@example.net
44,Mr. Robert Wilkerson,15726454413,okrause@example.net
45,Kathleen Wyatt,98613509872,nathanporter@example.net
46,Carrie Saunders,54003478461,jamesblack@example.com
47,Megan Young,85778844497,emarquez@example.com
48,Gary Murray,17947511617,millerbrittney@example.com
49,Leslie Kelly,41790660139,simpsonlaura@example.org
50,Andrew Turner,79821364475,daniel92@example.org
51,James Bauer,35837564598,vaughnmichael@example.org
52,Dr. Miguel Jones,40959684189,alexander19@example.org
53,Elizabeth Thomas,28583440597,vcardenas@example.net
54,Jodi Price DVM,15403565475,christopher31@example.com
55,Kyle Stewart,87794574230,holderrebecca@example.net
56,Matthew Stevens,20888718016,pmills@example.com
57,Dr. Andres Stanley,70564455800,varcher@example.com
58,April Powell,11356145382,xrojas@example.com
59,Keith Smith,25539748126,floreslisa@example.com
60,Kendra White,84362425791,teresapierce@example.com
61,Donald Randolph,30426277336,wilsonmichael@example.org
62,Lisa Garrison,49867498810,cassie35@example.com
63,Robert Castro,92508946227,izimmerman@example.net
64,Caitlin Chambers,46208940406,jonesjane@example.com
65,Mary Cole,32708533465,moorebrian@example.net
66,Ms. Michelle Price,29122075565,duncanjeffrey@example.net
67,Briana Berry,95531562781,sullivanrobert@example.com
68,Miguel Williams,45816663855,charleskimberly@example.org
69,Pamela Krueger,20753564298,kara45@example.com
70,Kaitlyn Dennis,27803822467,growland@example.com
71,Tina Rosario,30716595447,matthew62@example.net
72,Zachary Harrison,60527420564,clayton68@example.net
73,Dr. Courtney Greene,73239670988,michael09@example.com
74,Carolyn Young,14843086649,mark44@example.net
75,Sarah Case,80290426024,michael48@example.net
76,Danny Adams,33965012424,lorraine34@example.com
77,Mr. Frank Taylor,71509681412,petersenalisha@example.org
78,Brian West,93537986441,ymoore@example.net
79,Heather Sparks,45779238309,elizabeth99@example.org
80,Sandra Peters,21081983886,hamiltonbrian@example.com
81,William Boone,89589770064,vblack@example.com
82,Jonathan Moore,48451879798,david90@example.net
83,Jason Norris,37907681392,kelseynelson@example.net
84,Anthony Reid,41310494317,marilyn05@example.net
85,Scott Anderson,65210012086,nmoran@example.net
86,Tiffany Vega,52018694813,tommyhughes@example.net
87,Kevin Ruiz,11309489402,daniel86@example.com
88,Amber Pitts,21832159423,herreralinda@example.net
89,Justin Jordan,33009937071,jeffreypitts@example.com
90,Jennifer Romero,23498324469,williamseric@example.com
91,Kayla Hoffman,22360846055,krista56@example.org
92,Brianna Smith,88803998601,andreawilliams@example.com
93,Amber Estes,22534582936,bennettemily@example.org
94,Jamie Ferguson,54597874011,bernardkimberly@example.org
95,Denise Schultz,39462401045,williamsrussell@example.net
96,Michael Francis,73889665376,bellkelly@example.org
97,Mark Lewis,17179240245,ramirezstephanie@example.org
98,Bianca Choi,13302524208,jacobperry@example.com
99,Austin Haynes,65998879891,nicholsonbrad@example.org
100,Jesse Caldwell,53949659515,gordonjessica@example.org
101,Michael Figueroa,23548058472,juliaglover@example.com
102,Brett Massey,90126552076,megan11@example.net
103,Mary Jones,34182855675,ntate@example.org
104,Brian Harvey,21518824785,mckinneynancy@example.net
105,Madeline Mclaughlin,82479174727,alexisthomas@example.com
106,Jennifer Logan,39982913413,fischerpaul@example.com
107,Krystal Willis,14641795095,velasquezjennifer@example.net
108,Cynthia Briggs,82646927845,coleluis@example.net
109,Jason Downs,35216892772,otaylor@example.net
110,Samantha Jones,22724182900,ssolomon@example.com
111,Carl Kelley,11449974108,lcole@example.com
112,Andrew Rodgers,50404030344,parkerrebecca@example.com
113,William Boyer,68528963985,ystewart@example.org
114,Michael Hull,51222144561,carlybishop@example.net
115,Kendra Lara,52155820211,brian36@example.com
116,Nicole Lopez,36347256250,kingjulia@example.net
117,Ashley Harris,76780233001,ihoffman@example.org
118,Jennifer Nelson,43867254007,scotthenderson@example.com
119,Matthew Parrish,94124322621,kimberlywhite@example.net
120,William Cook,76286370729,scott47@example.com
121,Dustin Williams,82147872997,michael03@example.com
122,Gabrielle Middleton,49873586873,lyoung@example.net
123,Michael Walton,52347107507,farmerjennifer@example.org
124,Christine Jensen,74310973935,normandavid@example.com
125,Erin Smith,13857208536,danafoley@example.com
126,Leah Briggs,74754115223,perezkelsey@example.net
127,Richard Russell,78258894255,phayes@example.com
128,Tyler Avila,76884029561,rkim@example.com
129,Savannah Smith,19125752615,catherine70@example.org
130,Mary Barrett,89199202062,sflores@example.com
131,Janet Gray,45856672872,parsonsshirley@example.net
132,Martha Hanna,72723469071,catherine32@example.com
133,Diamond Harper,27126347877,hjones@example.net
134,Susan Coleman,21698815465,beth97@example.net
135,Cassandra Miller,28805778669,xlove@example.com
136,Christina Russell,61787817348,beardadam@example.org
137,Beth Horton,66086406725,patrickcervantes@example.org
138,Bruce Martinez,89654494080,darrylescobar@example.net
139,Jacob Jones,45124156500,jonesmelanie@example.net
140,Matthew Rodriguez,75988256745,kim54@example.com
141,Joshua James,72010200218,qcastro@example.com
142,Deborah Martinez,50232250269,lawsonkyle@example.com
143,Robert Lucas,36188282286,alexandraalexander@example.com
144,Lisa Green,62278002128,heidi95@example.org
145,Richard Humphrey,44407770584,kcole@example.org
146,Reginald Matthews,34817259455,smithelizabeth@example.com
147,Ryan Cohen,25961714122,ashleyreid@example.com
148,Mrs. Karen Taylor MD,91004103515,denisebennett@example.com
149,Timothy Page,82951230310,martinezbethany@example.com
150,Kimberly Daniels,64571395470,eringray@example.com
151,Amanda Walker,12471080099,michele74@example.net
152,Tammy Young,75539113083,richardwright@example.com
153,Matthew Walker,63068530087,greensteven@example.com
154,Cody Young,97593447334,brenda68@example.com
155,Willie Kim,19169525324,ryan50@example.net
156,Alison Ochoa,13972529241,gmendez@example.org
157,Michael Taylor,51801153739,jessicabell@example.net
158,Raymond Winters,33369854942,terrysimmons@example.org
159,Brandon Smith,39726555379,hannahvazquez@example.org
160,Adam Brown,22641892497,odonnellthomas@example.org
161,Laura Walker,56240477456,michellewade@example.com
162,Terrence Brown,45264244289,cjoseph@example.com
163,Anthony Ford,26112641148,andreamay@example.com
164,Michael Brandt DVM,24859959320,mclaughlintaylor@example.com
165,Thomas Solis,18494586387,vwatson@example.net
166,Casey Hayes,77427213579,prestonmatthew@example.com
167,Alicia Underwood,98574083989,emueller@example.org
168,Jennifer Thomas,35206125450,cwilcox@example.net
169,James Brown,12732643569,billy85@example.net
170,Kelly Green,13971418524,taylorgonzalez@example.net
171,Dylan Kirk,58354797493,znelson@example.net
172,Mark Lee,21834506954,danielrose@example.com
173,Laurie Goodman,58156517087,nicoleellison@example.net
174,Rebecca Murphy,53692787974,travisharrison@example.com
175,Timothy Garcia,51288788134,spencerpenny@example.com
176,Teresa Wilson,61405110337,mollybush@example.net
177,Michael Hall,88296276979,gatkinson@example.net
178,Melanie Ward,87203918279,vickiphillips@example.com
179,Alice Mitchell DDS,82804737336,jasonmercer@example.net
180,Christina Robinson,49738761810,john49@example.com
181,Shirley Brown,46797676990,amberwilliams@example.net
182,Crystal Young,52169079225,kristinhunt@example.org
183,Megan Cruz,30483144843,james76@example.com
184,Debbie Wright,78402812844,jonesbryan@example.com
185,James Mcdonald,28890206435,danielle95@example.net
186,Anthony Simmons,40671780687,rfrey@example.org
187,Stephanie Walker,23391341450,tracywoods@example.com
188,Richard Garcia,55524665315,znorman@example.org
189,Carlos Johnson,59289664788,kcosta@example.net
190,Haley Wilson,41870343181,martin72@example.org
191,Beth Burton,57637287214,fbooker@example.net
192,George Garcia,33405271780,lovejoseph@example.com
193,Christine Mckenzie,34045464668,tanyamarshall@example.com
194,Destiny Yang,24720931773,barry02@example.org
195,Amanda Becker,54581780895,zunigajoseph@example.org
196,Debra Stevens,49486184212,jeffrey56@example.org
197,Tyler Bradford,46111190691,christian03@example.net
198,Jonathan Mccarthy,69383568723,lisafisher@example.com
199,Selena James,62041092562,perezrebecca@example.com
200,Tracey Cox,93758900788,cnguyen@example.com
201,Justin Holland,32018794240,nspencer@example.net
202,Dennis Gallagher,26560231611,lauren67@example.com
203,Mark Manning,45049807135,mariafischer@example.com
204,Amber Cole,83240892307,austinandrea@example.org
205,Mario Ruiz,67184281135,stephaniecarter@example.net
206,Aaron Shelton,70341994021,william22@example.org
207,Ms. Laurie Jacobs,25859679104,josephbarrett@example.org
208,Leah Simmons,61462688731,thouse@example.com
209,Sarah Morris,37251277589,timothywilson@example.net
210,Mary Duran,36969940738,hicksedward@example.com
211,Maxwell Bailey,82332057776,sarahkaufman@example.net
212,Melissa Hickman,79519274328,sherribates@example.org
213,Ricky Brown,23750904219,qcoleman@example.org
214,Samuel Dixon,23211105820,rodriguezerin@example.com
215,Lee Ellison,89713078597,kcole@example.com
216,Jill Edwards,55206674023,ashleypotter@example.net
217,Chelsea Meadows,64796663279,mooreluke@example.net
218,Katie Baldwin,11366630828,robinsonnicole@example.net
219,Brian Oliver,54395579718,ryan89@example.org
220,Michael Sanchez,63810003452,plopez@example.net
221,Juan Williamson,60573774957,jeffersonthomas@example.org
222,Ellen Garcia,34706929874,qrussell@example.net
223,Walter Riley,53814841456,davidsontodd@example.com
224,Kara Fisher,60420876197,james87@example.com
225,William Martin,23633477679,michaelrodriguez@example.net
226,Andrew Stevenson,78410357465,dross@example.com
227,Steven Moore,68230964947,kevinvalentine@example.org
228,Mario Wright,28671186450,jamie32@example.org
229,Donna Frank,77484558523,jasonreeves@example.org
230,Sandra Dillon,98101598528,edwardhunt@example.com
231,Jennifer Lewis,79143889122,evanschristopher@example.com
232,Brian Barnes,61381915124,denise13@example.net
233,Robert Hernandez,72443185199,harrisamanda@example.com
234,Dr. Brian Craig PhD,68933374734,uparker@example.org
235,Rachel Hill,47844875398,clandry@example.org
236,Gerald Williams,55306681973,wilsonkathy@example.com
237,Ethan Brown,37524169831,mitchellperez@example.net
238,Dana Gordon,62625794982,bonillajoel@example.net
239,Barry Lewis,92266793370,penastacey@example.org
240,Douglas Duran,88671881473,justinreed@example.net
241,Joshua Baker,66663585853,ganthony@example.com
242,Julie Griffin,21419717487,summerlee@example.com
243,Tiffany Walker,41337847136,danielreese@example.net
244,Theresa Steele MD,94667935538,kurtwallace@example.com
245,Ashley Wood,43311756850,jjones@example.net
246,Jill Lopez,15896888901,saralucas@example.org
247,Randy Wise,64746240955,amy84@example.org
248,Morgan Bradley,42386688270,nolanthomas@example.com
249,Cody Malone,63478553884,xvilla@example.com
250,Lisa Black,86334859765,erin18@example.net
251,Jason Lewis,65766311209,wagnerjoseph@example.net
252,Donna Pitts,56393125340,janet19@example.org
253,Dustin Hamilton,85736939307,mendozatiffany@example.com
254,Chelsea Mathis,78388914787,eric47@example.com
255,Christina Durham,41256370949,andersonemily@example.org
256,Kelsey Ward,43455177789,jonathan33@example.com
257,Darrell Willis,38418902064,cgreer@example.net
258,Andrew Harris,74318363216,hatfielddavid@example.net
259,Michael Robbins,16029793534,james42@example.com
260,Jessica Williams,85773940896,thull@example.org
261,Paul Branch,34097702342,vrose@example.com
262,Justin Porter,84530300244,crossfelicia@example.com
263,Michele Miles,68882391299,victor16@example.org
264,Tyler Cobb,94301665038,francisco55@example.org
265,Catherine Mccall,67222815966,droy@example.org
266,Robert Stewart,45377688390,ruizjessica@example.org
267,Adrienne Parks,62216576473,christopher36@example.net
268,Elizabeth Costa,89154395748,ahoward@example.net
269,Sean Kemp,60832320171,matthewsnicholas@example.net
270,Dennis Jackson,78240319093,keithbrandon@example.com
271,Steven Clark,36394296076,mitchelljulie@example.org
272,Terry Thornton,97721076692,collin17@example.com
273,Roy Dennis MD,21809696315,philipbrady@example.com
274,Marc Wilson,41240122693,martinezkayla@example.net
275,Kim Fisher,31181512941,nicholas10@example.org
276,Troy Velazquez,22115405266,vmeyer@example.com
277,Patricia Miller,53190059351,randall87@example.org
278,Stephen Zimmerman,30161495284,kdavis@example.org
279,Morgan Thomas,21864595675,brian79@example.com
280,Christian Davies,63860154352,stevendixon@example.com
281,Claudia Garrison,17947200482,rachel54@example.org
282,Marie Wright,37361375089,stevenperez@example.net
283,Melissa Clark,52905771806,grimeslaurie@example.org
284,Amanda Kelly,50831277413,zoepugh@example.org
285,Richard Bray,59861361909,ftaylor@example.org
286,Carolyn Schwartz,30317783125,kenneth97@example.org
287,Andrew Parker,83040933219,hawkinsjennifer@example.org
288,Christine Juarez,96114949438,michael92@example.org
289,Andrew Richardson,60961045731,eford@example.com
290,Eric Douglas,37243953032,karimills@example.org
291,Mr. Leonard Leon,34508309933,jennifer33@example.org
292,John Nunez,13805266489,davidgentry@example.com
293,Jasmin Strong,34441353774,emily62@example.com
294,Mason Bowman,55223217823,michaelstout@example.org
295,Melvin Barker,34003822931,matthew27@example.net
296,Andrea Solis,45825205101,christinarogers@example.org
297,Anthony Adams,43025353872,ramirezvickie@example.net
298,Juan Butler,37236311676,millermichael@example.com
299,Christopher Weber,81610638240,sean08@example.org
300,Emma Bowman,77941878721,roywang@example.com
301,Martin Barrera,41078181321,mccormickjose@example.org
302,George Klein,45614685831,denisecrawford@example.org
303,Deborah York,48476165527,jose37@example.org
304,Marissa Bell,70931999616,christinecarter@example.org
305,Benjamin Henderson,93214160889,parkerrebecca@example.org
306,Cynthia Jackson,77267192961,gowens@example.com
307,Kristen Warren,17203682995,mcintosherin@example.com
308,Brittney Wu,79482222705,dennis83@example.net
309,Eric Parker,71447087179,martinmelanie@example.org
310,Heidi Howard,84236357094,martinezchristina@example.org
311,Kaitlyn Harrison,63790869165,morenolarry@example.net
312,Lydia Smith,61326727314,mollymcclain@example.net
313,Mrs. Maria Young,12744506233,garrett56@example.org
314,Peter Smith,57088075805,hodgejanice@example.net
315,Yesenia Hall,50574654415,orodriguez@example.org
316,Chad Goodwin,35236090900,jared71@example.net
317,David Lyons,87452468663,patricia04@example.org
318,Jenna Bennett,13353275312,blake60@example.org
319,Katie Pierce,96307650081,gregorymason@example.org
320,David Williams,18168850540,ryan59@example.net
321,Michael Carney,62780832414,jeffreysparks@example.net
322,Sandra Gutierrez,54012369938,cummingsshane@example.net
323,Cathy Scott,28086486430,kfuller@example.net
324,Gregory Coleman,77488408873,myerscindy@example.org
325,April Williams,79239009276,cookbrian@example.org
326,Kristen Brown,84426095866,twilliams@example.net
327,Joseph Perez,95285493525,johnowens@example.com
328,Melissa King,54780164268,raymondlee@example.net
329,Willie Moore,70909361885,jamesalexandria@example.net
330,Gina Thompson,46494546765,lbanks@example.net
331,Cynthia Vargas,74744257773,likelly@example.com
332,Sean Clayton Jr.,61336935110,kjones@example.com
333,Christopher Moreno,18050057261,millerwilliam@example.net
334,Tracy Nixon,49764442729,amanda29@example.org
335,Marissa Stephens,33220398682,debra49@example.net
336,Joseph Kirk,65246946564,dallen@example.com
337,Katherine Sparks,34581080280,wongdarren@example.org
338,Christopher Garner,23647440845,courtney80@example.net
339,Hannah Lopez,53954551721,shane28@example.com
340,Tammie Lee,14662104375,kevinbush@example.net
341,Cathy Lynch,35261222061,jeffreysanchez@example.org
342,Jennifer Hebert,41712920148,yanderson@example.com
343,Kim Coleman,53062553795,angela15@example.org
344,Erik Wilson,32932589216,ashley27@example.com
345,Mr. Dylan Bailey,86025470238,crystalbass@example.org
346,Stacy Thompson,57414190998,phill@example.org
347,Kayla Petty,71288972750,caitlyn78@example.net
348,John Howard,92727956166,ronaldthornton@example.org
349,Susan Edwards MD,65394372212,stevensryan@example.com
350,John Lewis,33259168004,robin11@example.com
351,Kevin Harvey,12203491670,normaanderson@example.net
352,Matthew Brown,73622128388,gavin66@example.net
353,John Long,70812675191,schultzsteven@example.net
354,Carlos Le,78417749716,julia69@example.com
355,Jessica Alexander,17229079371,zmcmahon@example.org
356,John Guzman,35613946966,michael13@example.net
357,Sabrina Hester,33751922004,kperez@example.net
358,Stephanie Turner,58412014116,diazjared@example.org
359,Ashley Robinson,49264765993,hoffmanjeffrey@example.net
360,Wesley Farley,54304580418,sharon48@example.net
361,Chad Harper,57089736296,peter68@example.org
362,Randy Jefferson,86111412176,vpalmer@example.com
363,Phillip Franklin,98496205135,aaron45@example.org
364,Jessica Bradford,95684980643,shelleymartin@example.com
365,Jamie Carpenter,45161249112,rhernandez@example.net
366,Melissa Riley MD,27487992369,gilbertalan@example.net
367,Dennis Allen,62348892480,jenniferedwards@example.net
368,Joseph Parker,98017542575,richard93@example.net
369,Brett Sharp,24541735658,zsmith@example.com
370,David Baxter,29634621272,april29@example.org
371,Mary Malone MD,33098147158,megan94@example.com
372,Tony Nelson,53392947578,jamie76@example.com
373,Tara Pearson,58546161157,khamilton@example.net
374,Amanda Washington,74647477180,alexiskirk@example.net
375,Mr. Jeffrey Martinez,75104898157,thomas88@example.net
376,Nicole Smith,45009391947,derrickwells@example.net
377,Karen Gutierrez,40488950543,gary48@example.org
378,Antonio Day,76446940280,mchambers@example.org
379,Travis Flores,40633374909,lfinley@example.com
380,Casey Watson,47595358454,meghangarcia@example.net
381,Alexa Elliott,36308164686,rodriguezmichael@example.com
382,Tricia Martin,84756767941,jamie01@example.org
383,Brian Booker,26463936657,tammie20@example.org
384,Jeffery Garrett,54436826565,matthewcontreras@example.net
385,Danielle Jackson,80431232529,williamcohen@example.net
386,Shari Cooke,49379110418,wprice@example.com
387,Melissa Moore,91000592008,wilkinsonanthony@example.com
388,Kristin Holden,52355305107,deanjake@example.org
389,Eddie Fischer,93141846002,dianarobbins@example.net
390,Andrew Brown,38091789690,sjackson@example.net
391,Steven Turner,17243740440,janetcarson@example.net
392,Natalie Miller,53268702044,matthewlewis@example.com
393,Suzanne Bell,32054138639,jenniferacosta@example.org
394,Kenneth Hernandez,62334280728,theresa78@example.net
395,John Murphy,12220874974,harrisheather@example.net
396,Kenneth Larson,11445292287,jacqueline07@example.com
397,Lucas Walters,86910850195,jennifer14@example.org
398,Lisa Singh,23060466441,kristy57@example.org
399,Eric Jones,68114429492,bwatkins@example.org
400,Paul Bishop,76606873884,amyroberts@example.org
401,Javier Blake,71839824573,donnafox@example.com
402,James Elliott,75001602756,griffithmegan@example.com
403,David Adams,61964354211,wendygarrett@example.org
404,Julian Russell,80997486645,michellekelly@example.com
405,Yesenia Weaver,17926386100,jamesrodriguez@example.net
406,Paul Blake,84556210365,ysandoval@example.com
407,Daniel Nguyen,24145859777,nicholascooper@example.org
408,Kara Lopez MD,99804231404,torresnicole@example.net
409,Cory Sandoval,36019417059,sanchezjulie@example.org
410,Janice Allen DDS,24726665659,michelle66@example.org
411,Brian Bates,12332169206,jennifer04@example.org
412,Elizabeth Daniels,22686964396,oward@example.net
413,Michelle Simon,21486052059,tuckerdwayne@example.com
414,John Bates,41559713747,hhunter@example.org
415,Patricia Sanchez,60571590899,colleenwatson@example.net
416,Lisa Carr,62603505838,philip23@example.org
417,Earl Sullivan,60499017824,tduffy@example.com
418,Paul Henderson,12434356167,frankjessica@example.net
419,Terri Dominguez,91599727460,barnettgary@example.net
420,Brandi Williams,66465475673,danny04@example.net
421,Robert Rodgers,58398681907,mark72@example.org
422,James Drake,77642936004,edward20@example.net
423,Gregory Ramsey,31540611427,kwilliamson@example.net
424,Julie Hickman,28796683971,darlenegreen@example.org
425,Alexander Patterson,32904923172,dgalvan@example.net
426,Juan Jackson,46884908651,ereyes@example.com
427,Rose Murphy,92250753595,tracey31@example.com
428,Jennifer Dennis,87195531131,kennedyanthony@example.com
429,James Stone,47921342105,kchan@example.com
430,Matthew Taylor,30220613886,ugomez@example.net
431,David Bailey,52096419308,kellyjason@example.net
432,Nathaniel Hart,76902404005,angelawatson@example.com
433,Annette Williams,13061423206,gibsonstacy@example.com
434,Brian Morgan,31824164288,jjohnson@example.org
435,Fernando Pratt,71277070011,barbaraflores@example.net
436,Maria Trujillo,70991397440,carrdavid@example.net
437,Rhonda Carpenter,62685327192,ocaldwell@example.org
438,Laura Rhodes,25871280410,howardamy@example.com
439,Carol Maxwell,49128332958,kelsey92@example.net
440,Cheyenne Guerrero,72248679528,ronnie43@example.net
441,Emma Mckinney,24288924899,omartinez@example.com
442,David Lawrence,67013755005,larsonmichael@example.net
443,Sabrina Weaver,60241937924,christopher75@example.org
444,Nicholas Wade,18349715322,mreyes@example.net
445,Shane Myers,75876300268,xjenkins@example.net
446,Megan Stevens,85692161519,csmith@example.org
447,Jillian Smith,74787704249,aaron65@example.net
448,Lee Alvarado,58527202077,glen11@example.net
449,Debbie Christensen,86774751815,jasminedavila@example.com
450,Lauren Nelson,82044270892,shannonadams@example.net
451,Kimberly Francis,61608830039,adamscott@example.com
452,Thomas Blackwell,26788490516,dfigueroa@example.org
453,Zachary Hernandez,30832974163,andrewbennett@example.com
454,Stephanie Pearson,94273811124,patrick74@example.net
455,Tyler Smith,84738787951,xgonzalez@example.org
456,William Hoover,57015269116,iwolf@example.com
457,Sharon Thompson,79736789937,jonathan74@example.com
458,Michael Miller,81936787982,ohendrix@example.com
459,Margaret Jones,38055010393,steinstacey@example.net
460,Todd Hall,60783361407,floresjulia@example.org
461,Deborah Smith,27544111164,jared59@example.com
462,Holly Leach,83666576095,knovak@example.org
463,Taylor Taylor,61518858988,rileychristina@example.org
464,Anna Lynch,81525914129,mary69@example.net
465,Gabriel Collier,75453946431,vjones@example.com
466,Emma Arias,50741405408,facevedo@example.org
467,Nicole Silva,12523434446,piercerachel@example.org
468,Chris Newman,62889812409,mary61@example.net
469,Victoria Caldwell,50435371244,christopherrussell@example.net
470,Jermaine Lopez,94845550293,hornekristin@example.org
471,Dr. Daniel Hall,76920506668,ncarpenter@example.org
472,Tracy Crosby,55066050313,bullockedwin@example.net
473,Matthew Orozco,61704749633,oliviacurry@example.org
474,Valerie Franco,44914985057,jessica18@example.com
475,Corey Romero,75093725528,bryan41@example.net
476,Dale Santana,44034678095,rthompson@example.net
477,Mark Castillo,98657726874,hnolan@example.org
478,Mark Peterson,27734794662,melendezandrew@example.org
479,Jeremy Crawford,13207994253,marshallamy@example.org
480,Patricia Klein,22422261500,dean62@example.com
481,Tina Todd,15174179219,chadnixon@example.net
482,Renee Graves,58745871132,hansenelizabeth@example.org
483,Jacob Wright,14999113730,wardian@example.com
484,Adam Jones,82741786298,rachael37@example.com
485,Carrie Hardy,24778751397,ghicks@example.net
486,Deborah Morris,30452098900,rileywendy@example.org
487,Ryan Moss,59119041095,angela55@example.com
488,Antonio Carrillo,68091069050,kelly69@example.org
489,Katherine Miller,20337547114,ymendoza@example.org
490,Jeremy Garner,56354810717,thernandez@example.org
491,Monique Miller,92847715357,dana80@example.com
492,Jonathon Bennett,79564268433,wmueller@example.net
493,Stacey Hawkins,37346224826,zpeterson@example.net
494,Kyle Hernandez,99043098591,ejames@example.com
495,Howard Campos,83679783360,gjohnson@example.org
496,Johnny Lopez,93948902367,zcooke@example.com
497,Sherry Hayes,82997473137,kimberly57@example.com
498,Taylor Hopkins,60522508221,tony43@example.com
499,Tiffany Moore,72964313381,jasonmartin@example.net
500,Paul Pham,57337131664,shortbruce@example.net
501,Taylor Frazier,25494726840,nicoledowns@example.org
502,Mr. Joseph Mcneil,37701295620,brianharris@example.com
503,Victoria Johnson,16258775504,lucasamanda@example.com
504,James Delgado,63803199216,christopher55@example.org
505,Nicholas Marquez,57823819469,btownsend@example.net
506,Michael Thomas,56738190116,bbyrd@example.com
507,Benjamin Kennedy,74878367534,ayalaandrew@example.com
508,Emily Patrick,29600984161,hallcameron@example.org
509,Leah Bell,42417936404,michael59@example.net
510,Lawrence Meyer,74243217457,zbaker@example.org
511,Lori Walker,25388803726,amanda31@example.com
512,Heidi Hill,67034690333,peter26@example.com
513,Dr. Jessica Watson MD,21439633360,brian17@example.net
514,Dominique Reynolds,18242211588,kellylane@example.org
515,Michelle Santos,77472933341,shawndennis@example.com
516,Dale Brown,28959920305,gbaker@example.net
517,Rachel Salazar,91451195606,echambers@example.net
518,Michael Fritz,26036453117,andraderobert@example.net
519,Wendy Gonzales,55225969738,samuel05@example.com
520,Jeffrey Zamora,59802507049,emily85@example.net
521,Angela Bauer,56308969348,tanya91@example.net
522,John Bender,44003391784,alanhall@example.com
523,Robert Rodriguez,94262999768,haleyhendricks@example.net
524,Mr. Justin Dennis MD,42480703518,craig46@example.net
525,Billy Smith,74078748349,matthew25@example.net
526,Gregg Smith,34121079510,victoria37@example.com
527,Zachary Weiss,38486901997,irobinson@example.com
528,Melissa Robinson,88166081337,icarlson@example.org
529,Joyce Jensen,51013093146,phillipskimberly@example.net
530,Sheila Bauer,24403426572,crosbyjoshua@example.net
531,Kelsey Mooney,58262402784,williamsroy@example.net
532,Noah Williams,23584570367,awilliams@example.net
533,Joshua Green,38406870964,xkelly@example.com
534,Catherine Mcbride,98424836558,taylorthomas@example.net
535,Christopher Gutierrez,36618016139,vbrown@example.com
536,Marie Garcia,70203155003,villanuevascott@example.net
537,Julie Lamb,41380903035,wmalone@example.org
538,Shannon Price,64550826663,ohughes@example.org
539,Jerry Bryant,98642519693,robertcrawford@example.org
540,Heather Pittman,58840419821,scottduncan@example.org
541,Thomas Long,67387263298,mark65@example.org
542,Carlos Cross,78834788751,kwatson@example.net
543,Linda Erickson,70145977228,alan17@example.org
544,Kelly Lane,15116831646,margaret75@example.com
545,Hannah Robertson,24132437169,carl09@example.com
546,Sarah Duffy,72148957650,cynthiajohnson@example.com
547,Marcus Jones,46727759467,susanspencer@example.com
548,Brent Kidd,45668215302,agallegos@example.org
549,Ashley Larsen,38373556165,william59@example.net
550,Carrie Carlson MD,64472894173,lorettajones@example.com
551,Carla Thompson,91486099156,wsummers@example.com
552,Ricky Washington,51418115965,gflores@example.com
553,Dominique Holmes,79321598320,linda69@example.org
554,Sophia King,90318435220,amystephens@example.org
555,Karen Moreno,35587588748,michael99@example.com
556,Krystal Johnson,68151747378,zgonzalez@example.com
557,Amanda Hill,93614488717,sarahclark@example.com
558,Steven Weber,23329584184,roy48@example.org
559,Susan Robinson,68316947405,john35@example.com
560,Natalie Riley,95636942505,rachel17@example.org
561,Brian Craig,78578256399,kathleentrujillo@example.net
562,Mark White,61657722721,samuel63@example.org
563,Robert Harvey,17835649443,johnwoods@example.org
564,Jennifer Perez,14817010941,dustinmorris@example.org
565,Linda Harris,38898646164,wcook@example.com
566,Jonathan Petersen,39068644480,zacharyobrien@example.org
567,Gregory Wyatt,67443408842,jessicahenson@example.com
568,Monica Dunn,36890883117,brandonsmith@example.org
569,Lucas Hall,49599871941,iharrington@example.org
570,Laura Gibbs,87006280205,bobrien@example.net
571,Jose Curry,97152459249,morganchandler@example.com
572,Ryan Stephenson,36710716381,hallkristina@example.org
573,Robert Sanchez,46159633217,matthewruiz@example.net
574,Richard Carter,18715718650,paula66@example.net
575,Chad White,28739968136,tracyerickson@example.org
576,Nichole Chavez,85205782515,david87@example.net
577,Vicki Gaines,69381060160,colebrenda@example.com
578,Brian Hines,20225900133,freyes@example.org
579,Shirley Davis MD,57948913333,ubender@example.net
580,Michael Yoder,28654259171,brittney28@example.com
581,Michael Davis,84998499236,jmolina@example.net
582,Nicholas Wells,86683396604,bridgeserica@example.com
583,Holly Lin,42004606783,jonesjeffery@example.net
584,Heather Shaw,42298420857,perkinscassie@example.com
585,Alexis Scott,85915809782,brian00@example.com
586,Janice Guerrero DDS,33450563184,michael55@example.com
587,Patrick Harrison III,45497776690,timothy94@example.net
588,Eric Dawson,51305966921,tbaker@example.net
589,Joshua Choi,17112010899,walkerrichard@example.com
590,Karen Taylor,41751490662,amandaweaver@example.org
591,Jacob Green,15021388713,richardmorales@example.org
592,Jacqueline Charles,44667625760,watsonnancy@example.com
593,Derek Davis,88730846958,markhays@example.net
594,Scott Mitchell,86464774371,snownathan@example.org
595,Laurie Phillips,23931282102,lisa32@example.net
596,Janet Long,26321699511,ynicholson@example.org
597,Amber Small,14192874375,fraziernicolas@example.com
598,William Martin,39644257054,freemangabriella@example.org
599,Victoria Torres,29585621338,peter06@example.com
600,Carrie Nicholson,86541895170,justin47@example.org
601,David Alexander,93183642239,matthewfields@example.net
602,Victor Ortiz,61854465864,garnernathan@example.com
603,James Stark,34441846670,nancydunn@example.net
604,David Chen,52975532686,james57@example.org
605,Ryan Brown,65294865532,kimberlynguyen@example.com
606,Tammy Perry,80338967121,davissamuel@example.net
607,Sally Wilson,63055058648,jontaylor@example.net
608,Sandy Williams,63128645618,vaughanjulie@example.net
609,Tiffany White,23880288752,theresa65@example.com
610,Yvette Gibbs,46510087091,ihunt@example.net
611,Jessica Miller,20118688910,xcruz@example.org
612,Kayla Villarreal,41792986542,fford@example.org
613,Mark Gross,58796082948,michael22@example.com
614,Chad Henderson,68265242799,tranmark@example.com
615,Dylan Wright,96623818970,mcdonaldpaige@example.org
616,Linda King,78404462914,erikjennings@example.net
617,Catherine Dawson,52491927883,donald55@example.org
618,Dennis Mcintyre,29004466762,birdbrenda@example.org
619,Ann Jackson,66346219317,simsnathan@example.com
620,Tara Johnson,85176310924,jamesparker@example.com
621,Samantha Roth,37691634144,kimberlysanchez@example.net
622,Rick Johns,64763990593,jamessimmons@example.net
623,Alexander Dunn,64241623725,smithkelly@example.org
624,Carrie Zavala,77072995644,tiffany62@example.org
625,Ryan Hale,97257976952,kristen88@example.net
626,Justin Barry,84657397994,meltonjason@example.net
627,Valerie Bell,96016166987,juliepatterson@example.net
628,Jeff Andrews,23539443093,kmorales@example.net
629,Kristina Jensen,19087454672,savannah18@example.net
630,Marcus Sullivan,86227919990,irobinson@example.net
631,Sherry Barry,94016123109,yrodriguez@example.org
632,Angelica Black,92451355535,brooke35@example.net
633,Erica Grant,46832483254,catherinechoi@example.org
634,Theresa Gonzales MD,53306183165,cochranelijah@example.net
635,Dustin Jenkins,30521718143,ccampbell@example.org
636,Regina Guerrero,62667826278,crystal84@example.com
637,Marissa Rubio,11668285137,lcampbell@example.net
638,Michael Norton,70136931956,david32@example.org
639,Ronald Pope,32138697044,delgadorhonda@example.org
640,Tyler Juarez,12901311124,quinnmichael@example.org
641,Matthew Clark,41154190788,melanie04@example.org
642,Laura Goodwin,55578769344,ffleming@example.org
643,Lynn Tate,52492068431,cummingsbrandi@example.com
644,Kelsey Neal,86044312558,katherinehoward@example.com
645,Kevin Allen,25975232527,davidhernandez@example.net
646,Shannon Gonzalez MD,12827730814,hmiller@example.org
647,Christine Hawkins,45170895143,carriediaz@example.org
648,Theresa Chavez,20369908153,strongthomas@example.org
649,Suzanne Wilson,62983214253,gharrington@example.net
650,Jose Carter,13660992890,andreawashington@example.net
651,Amber Hodges,49199395179,hconley@example.org
652,Charles Dean,42341876131,hayeszoe@example.com
653,Jennifer Ramsey,18003649083,doyleamanda@example.org
654,Megan Rasmussen,18640622836,asmith@example.com
655,Richard Jefferson,52804828582,william81@example.net
656,Tyler Lee,93094551725,gravesmichelle@example.net
657,David King,79687418544,hodgekirk@example.com
658,Miss Kimberly Jefferson DVM,15287042434,laura97@example.org
659,Sandra Avila,90119990077,arthur43@example.org
660,Michelle Ford,76851595323,amberpatterson@example.com
661,Bob Sanchez,74228930310,marc00@example.com
662,Lisa Brown,93213943674,robert93@example.net
663,Andrea Fritz,65364307256,donnajames@example.org
664,Kerri Morris,52663571555,barronamanda@example.org
665,Kimberly Luna,95136317623,linda84@example.net
666,Carlos Rivas,90771611101,youngrachel@example.org
667,Tammy Jackson,19432475391,duncanpatricia@example.net
668,Sarah Dickson,41605922960,isaac38@example.com
669,Jerry Meyer,81900694555,david97@example.org
670,Jordan Howard,80119231934,biancamcdonald@example.org
671,Edwin Jones,24929620454,fevans@example.net
672,Tanya Gonzalez,60100566320,lowechris@example.org
673,Yolanda Love,36587113686,willisrachel@example.net
674,Daniel Salinas,15213455414,laura32@example.net
675,Rachel Oconnell,84813921173,knoxroy@example.net
676,Linda Montgomery,81433385534,marvin83@example.org
677,Brenda Black,88678249811,douglaschapman@example.com
678,Daniel Collins,75350099973,cheryl07@example.net
679,Patricia Rice,15828474611,whitekelsey@example.net
680,Andres Hill,96151913368,jasonbest@example.org
681,Sheri Ewing,53317299557,icastro@example.com
682,Keith Galvan,75946490452,wramirez@example.net
683,Edward Hull,65375546301,david97@example.com
684,Mary Golden,85490514474,vmarquez@example.net
685,Joshua Huber,77926008682,katherinedavidson@example.com
686,Adrian Brown,34451113848,michelle05@example.org
687,Timothy Gonzalez,76216784069,sheliasmith@example.net
688,Jennifer Miller,75762105711,michele72@example.com
689,Christopher Garcia,77207056487,kellysilva@example.org
690,Eric Christensen,26091555991,coopermichael@example.com
691,Michelle Roberts,22028960439,elizabeth26@example.org
692,Dr. Philip Welch,67384940883,qrichards@example.net
693,Katherine Tran,90245869819,dannyrobinson@example.org
694,Justin Bowers,13648151613,lisabailey@example.net
695,Erin Mcmahon,60938942109,brandypayne@example.org
696,Kellie Benton,13180561388,tyleranderson@example.net
697,Justin Luna,89541535572,jenningscarol@example.com
698,Jasmine Ray,16889072124,ewhite@example.com
699,Michael Vargas,72415161981,scottvalerie@example.net
700,Christopher Garcia,75827093296,stephen15@example.com
701,Thomas Jones,34035137842,valerie98@example.com
702,Dominique Chavez,15430528725,ismith@example.com
703,David Morales,82890629035,gibsonjenna@example.net
704,Patrick Wolfe,19157250634,morrowbrooke@example.com
705,Michael Booker,96901659047,chelseapeterson@example.net
706,Alan Green,71872720721,wgardner@example.com
707,Jeffrey Smith,58938148504,lorimccoy@example.com
708,Jacqueline Martinez,29727659750,bishopjacob@example.org
709,Melanie Hudson,41795166619,cassandragrant@example.com
710,Nathan Smith,17224796964,dana31@example.com
711,Heidi Garrison,37154331145,nroberts@example.com
712,Andrea Rogers,31771566193,margaret81@example.org
713,Holly Davis,15894587671,bethwheeler@example.com
714,Meagan Waters,29152238178,emilymcclure@example.com
715,Sylvia Francis,58140260856,timothy63@example.org
716,Joshua Williams,72275275285,jhumphrey@example.net
717,Richard George,24297306503,michelle99@example.org
718,Michael Jones,33762294952,rogersaaron@example.com
719,Jacob Barker,78865603473,xdavis@example.net
720,Samuel Rasmussen,76811743405,jjohnson@example.com
721,Mark Rowe,99250866966,riosrachel@example.net
722,James Dickson,77458957197,hturner@example.org
723,Samantha Smith,16584560264,busheric@example.org
724,Brenda Cooper,67160075249,jennifer46@example.com
725,Nicole Mcmahon,37274512990,stephanie82@example.com
726,Terri Roth,71210882799,englishamy@example.com
727,Brandi Moses,64253445091,jensenwilliam@example.com
728,Meghan Austin,84728958248,hcarter@example.org
729,Tiffany Perez,52356856473,lwalsh@example.com
730,Gary Cook,81253112398,pwells@example.org
731,Dr. Judy Peterson,67408548573,igoodman@example.com
732,Andrea Miller,21671031307,glennanderson@example.org
733,Allison Smith,58167084765,melissa98@example.com
734,Christian Robinson,34217349585,qwiley@example.net
735,Jennifer Thompson,24516743703,melissa07@example.org
736,Katrina Meyer,43959787464,khurley@example.org
737,Gregory Wagner,43832845684,aguirrejessica@example.com
738,Jerry Obrien,85650387600,mitchellkari@example.org
739,Janice Pearson,62471657637,davisdavid@example.net
740,Timothy Aguirre,86057075298,john52@example.com
741,Jody Kent,22199910801,gonzalezryan@example.net
742,Paul Hutchinson,46456890789,wardvincent@example.net
743,Shawn Chan,13124426283,wallacecaroline@example.net
744,Joshua Smith,14007650839,sdiaz@example.net
745,Brandon Ashley,61192170371,yolanda11@example.net
746,Maria Phillips,37603198347,jennifer64@example.com
747,Annette Mckenzie,51609798070,fpetersen@example.org
748,Mark Ramirez,49618632451,morenomark@example.com
749,Angela Barnes,18497336217,markpowers@example.org
750,Todd Nichols,25627821861,benjamincross@example.com
751,Jeffrey Hunt,88969341065,turnervanessa@example.net
752,Matthew Moyer,60013307802,dwayneadams@example.net
753,Michelle Harvey,56285565712,amandapatrick@example.net
754,Jacob Scott,41154229399,danahouston@example.net
755,Brian Wilson,28075457957,hnewton@example.org
756,Kimberly Esparza,75288531176,kimberly99@example.org
757,Mr. Anthony Gaines DDS,38835744763,wmitchell@example.net
758,Diana Roberson,13400659848,christopherbray@example.com
759,Anthony Sims,42645270250,scottkevin@example.net
760,Jennifer Johnson,74276200115,cgallagher@example.com
761,Michael Galvan,49965156562,davidsonjesus@example.org
762,Julie Johnson DDS,90811174624,pennybrown@example.org
763,Sarah Wilson,67322016569,jesus62@example.net
764,Richard Price,27204000797,megandillon@example.net
765,Deborah Moore,42509728792,vhodge@example.org
766,Matthew Sanchez,85918930480,ehouston@example.com
767,Randall Lewis,19339981639,william96@example.net
768,Aaron Hughes,22143244088,michaelkhan@example.com
769,Tiffany Frazier,93814272970,davidbarnett@example.net
770,Rachel Hernandez,45664650719,reginataylor@example.com
771,Corey Kirk,81252907532,pinedadenise@example.com
772,Michelle Wall,86102736571,sara65@example.net
773,Barbara Lyons,39271613696,sarah50@example.net
774,Alyssa Cunningham,45131142010,crystal18@example.org
775,Rachel Jacobs,77725205769,john77@example.com
776,Bradley Kelly,63208286892,elizabeth76@example.net
777,Mr. James Young,61414603621,andrewhenderson@example.com
778,Raymond Rice,38193460025,sarahgray@example.org
779,Dustin Maddox,37431157111,carrmelissa@example.net
780,Jason Durham,25176904061,mendezangelica@example.net
781,Nicole Gonzalez,34892046400,alexanderfoster@example.org
782,Jim Martinez,50274872964,thomasflynn@example.net
783,Christian Davis,83481583376,shawdonald@example.com
784,Stacey Wilson,46115880161,fturner@example.net
785,Peter Sanchez,18254757068,mitchellpitts@example.com
786,Jamie Roman,83882311447,eric03@example.org
787,Laura Harrell,27193549048,murraynicole@example.net
788,Derrick Clark,25554769340,juliehenderson@example.com
789,Jose Chaney,62783430377,mromero@example.net
790,Michelle Ramsey,21008383554,masonmark@example.com
791,Erin Taylor,81286721479,connerbradley@example.net
792,Brittany Price,56463684485,williamsrobert@example.net
793,Mark Willis,61517524251,joseph33@example.com
794,Dakota Henderson,88265213185,ywade@example.net
795,Mark Rogers,19557511907,mary84@example.org
796,Deborah Chase,80998898274,megan83@example.com
797,Anthony Downs,97577212104,bauerkimberly@example.org
798,Wendy Cole,23383545391,whiteapril@example.org
799,Joshua Snow,35637742651,zanthony@example.com
800,Shannon Gardner,36924531478,david94@example.com
801,Kevin Macdonald,67758489885,david76@example.org
802,Colleen Rodriguez,30286979966,jennifer20@example.org
803,Joe Reed,67638855827,justinhudson@example.com
804,Laura Lee,84872586649,billycraig@example.com
805,Austin Garcia,97277774679,nicholasbutler@example.org
806,Brittany Martinez,53546871456,berryvictoria@example.com
807,Joseph Thompson,97645263771,drodriguez@example.com
808,Javier Smith,92669520645,jefferywright@example.com
809,Michelle Alexander,82679186079,oroberson@example.net
810,Kimberly Nguyen,36086101906,pagebrandy@example.org
811,Alexander Jordan,33577091272,timothy47@example.org
812,Dawn Mccarty,79587357145,jenny57@example.net
813,Kathryn Mcdonald,36435747763,gonzalezjessica@example.net
814,Dr. Andrea Sanchez MD,47236773383,gordonjoyce@example.com
815,Michael Davis,66845732990,kristin51@example.com
816,James Kent,82229906234,dennis57@example.net
817,Rachel Washington,88742023617,erin08@example.net
818,Timothy Palmer,94220077291,davidkey@example.com
819,Cody Wilson,62275855574,thomasmaria@example.net
820,Michele Bailey,46687399080,ujohnson@example.net
821,Carla Sampson,30105781433,tracy61@example.net
822,Thomas Wilson,92270414111,kathrynrios@example.com
823,Ryan Castillo,49832130374,julian30@example.com
824,Richard Delgado,66840130941,alucero@example.com
825,Ethan Jones,77267555616,sreed@example.com
826,Melanie Myers,19587412436,michaelporter@example.com
827,George Herring,88828381436,elliottshelia@example.net
828,Glenn Ford,41443616240,brewersteven@example.org
829,Jonathan Wilkins,94806102024,swolf@example.org
830,Marcus Jordan,14418023935,amandaparks@example.com
831,Christian Adams,85104414612,lawrencetaylor@example.org
832,Donna Morse,55909685978,bbrown@example.com
833,Terry Green,17405347272,yrodriguez@example.com
834,Jacqueline Martin,83526392602,jeffrey03@example.com
835,Sandra Garcia,58084858074,rossmelinda@example.net
836,Elizabeth Smith,97015256033,rholmes@example.org
837,Nichole Reynolds,33502263539,bennettcrystal@example.org
838,Phillip Oneal,83399852590,gillronald@example.org
839,Cynthia Pitts,39619029167,pvance@example.com
840,Sonia Black,31546884360,ocarlson@example.com
841,Travis Booker,65191391481,snowrobert@example.net
842,Daniel Lara,26631007205,kennethfloyd@example.net
843,Tiffany Gross,53957631382,rachellopez@example.org
844,Yvette Mckinney,86506843066,erinlawrence@example.com
845,Jason Miller,56175512136,mary64@example.net
846,Lisa Reynolds,92697692363,christinagreen@example.com
847,Joseph Higgins,55116433965,tfoster@example.com
848,Jamie Martinez,31175572480,tamara76@example.com
849,Ellen Mitchell,82766932263,shane87@example.org
850,Alicia Maldonado,55487011717,johnsonolivia@example.net
851,Patrick Silva,41024927393,robertscurtis@example.com
852,Manuel Jenkins,30102122257,dmays@example.com
853,Brian Guerrero,97093723439,jensenrodney@example.org
854,Kimberly Rosario,33723146064,rjones@example.org
855,Jennifer Vazquez,33836320487,amanda65@example.net
856,Aaron Smith,63576837350,tmendez@example.org
857,Amanda Love,21135741415,adrianasmith@example.net
858,Samuel Hobbs,48435578116,karen50@example.com
859,Julie Berger,54046854042,frankwalker@example.com
860,Lisa Smith,71564091924,icampbell@example.com
861,Mackenzie Hamilton,30474772243,ysmith@example.com
862,Jacob Diaz,20301089386,ptucker@example.org
863,Amanda Hubbard,29469195022,karlchristensen@example.net
864,Clarence White,41708744070,suttonronnie@example.org
865,Scott Mills,29834558390,john68@example.com
866,Amanda Price,74234073826,hamiltondana@example.org
867,Lisa Walker,24776940527,jennifer71@example.org
868,Paul Garza,51175381025,tapiaholly@example.net
869,Joan Norris,13583410619,jeffreyhull@example.net
870,Andre Bates,36305498487,erinroberts@example.net
871,Diane Black,53764568884,jherrera@example.net
872,Diana Rogers,51723196030,cjohnson@example.net
873,Jordan Walker,96632369380,colleengood@example.net
874,Daniel Wilson,81868249413,anneclark@example.org
875,Thomas Long,68646164598,mthomas@example.com
876,Steven Ware,22368449503,andersonlauren@example.net
877,Brian King,41282939022,nicholas12@example.com
878,Sherry Burns,93951678704,stacey55@example.net
879,Patrick Smith,40516419432,gordonmichele@example.org
880,Sally Alvarado,44057065390,tonyabaker@example.org
881,James Good,71925754448,tracy15@example.net
882,Allen Phillips,11848625959,mollywoods@example.com
883,Michelle Miller,73831809834,ronaldcollins@example.org
884,David Singh,24468571979,pittslawrence@example.com
885,William Boyd,83305582066,justin72@example.com
886,Julia Dominguez,23114431301,gabriellajacobson@example.net
887,Amy Dunn,98692466272,derekpaul@example.com
888,Debra Thomas,76103714190,danielle33@example.net
889,Judy Jordan,28573928023,davidwalton@example.org
890,Jason Vargas,43511953248,millerapril@example.com
891,Stephanie Taylor,42743021395,pgonzalez@example.org
892,Jenny Benson,21519649644,schmidtmarc@example.org
893,Richard Jenkins DVM,37631812595,jeffrey49@example.net
894,Karla Carrillo,43474276829,bmendoza@example.org
895,Scott Gonzalez,50479228606,dennisdavid@example.net
896,James Smith,12600040418,xhenderson@example.net
897,Robert Walsh,18512239836,kevinwalters@example.com
898,Andrew Kelley Jr.,34160318215,wvega@example.net
899,Alexandra Parks,51663500746,heathercampbell@example.com
900,Elizabeth Parker,23469676051,patriciadonaldson@example.com
901,Troy Lee,43106904669,dpalmer@example.org
902,Christopher Nguyen,52792162272,bradyjessica@example.net
903,Nathan James,35364287065,tcoleman@example.net
904,Leslie Brown,45033028758,tiffany52@example.org
905,Dean Mitchell,82273467753,adkinsrobert@example.com
906,Tiffany Monroe,66987611618,xmatthews@example.net
907,Christopher Hanson,18067580013,omurphy@example.net
908,Danielle Phelps,39379708735,petersonstephanie@example.org
909,Steven Mendoza,39438694297,haleygarcia@example.org
910,Bailey Carey,81280558985,uhodges@example.com
911,Jason Brock,89359503058,morganaimee@example.com
912,Clifford Stark,73997675880,mdowns@example.org
913,Albert Velazquez,73502183283,jacob52@example.net
914,Tommy Bishop,81122598077,cynthiacrawford@example.net
915,Tyler West,68382086122,rodriguezgeoffrey@example.com
916,Kayla Hall,56324453805,xanderson@example.com
917,Sandy Newman,92667562234,christinamcdonald@example.org
918,William Mcmahon,31690147607,kylehill@example.net
919,Ryan Jackson,70977747337,mccormickadam@example.com
920,Ronald Allen,24596332982,markbrowning@example.org
921,Frank Walker,86238325008,joshuaklein@example.net
922,Candace Mclaughlin,50118490116,kylepierce@example.net
923,Lisa Jones,58969480662,rbrown@example.net
924,Lauren Smith,64960647781,james06@example.com
925,Thomas Wood,42661589900,moralessarah@example.com
926,Mason Lowery,89157195010,johnsonelizabeth@example.com
927,Brenda Olson,85493359635,wbarnes@example.org
928,Michael Blair,81445359479,michelleallen@example.org
929,Katie Chen,27159630218,amanda22@example.org
930,Molly Becker,17625083057,davidgonzalez@example.com
931,Javier Taylor,20444718352,rebeccakirk@example.com
932,Richard Pope,37400026749,nancy26@example.com
933,Daniel Santos,66811950087,daniel03@example.org
934,Thomas Johnson,35909800771,trandolph@example.net
935,Carolyn Murphy,90418973410,courtney96@example.org
936,Charles Galvan,26745553728,dsimmons@example.com
937,Amy Goodwin,24358334892,wrobertson@example.net
938,Elizabeth Boyd,68893941772,larrylee@example.net
939,Brittany Miranda,81421527799,colebarbara@example.com
940,Dwayne Peterson,90368573207,ronald50@example.net
941,Desiree Ortega,38316142493,scott92@example.net
942,Melissa Vasquez,71794758927,fordamanda@example.net
943,Nicole Dalton,85243815917,patriciamayo@example.org
944,Lisa Brown,11139127567,doriswilliams@example.net
945,Daniel Calderon,74493202196,jonathan90@example.com
946,Austin Cook,51917793239,astanley@example.org
947,Miguel Reyes,53526693157,sandersjohnny@example.org
948,Kaitlyn Bell,16012310539,zmathews@example.net
949,Frank Pham,24101477880,ocamacho@example.net
950,Logan Perry,28275185189,hernandezrichard@example.net
951,Robert Petersen,34417023431,keithburke@example.com
952,Tyler Leon,56536811121,cathy85@example.com
953,Theodore Rodriguez,92010133977,wcervantes@example.org
954,Anne Williams,68626315017,hernandezkim@example.net
955,Jamie Cox,57429481694,samuelhart@example.com
956,Dylan Coleman,75545813015,tonysullivan@example.com
957,Troy Taylor,87424786504,gsilva@example.net
958,Alexandra Smith,55013541070,jessicakim@example.net
959,Sonya Strickland,85726382839,kgordon@example.com
960,Diane Hill,86814855814,williamskurt@example.com
961,Jennifer Smith,48802645186,smithshannon@example.org
962,Timothy Hill,57324974573,scottheather@example.org
963,John Lewis,23489104191,englishmichael@example.org
964,Kevin Paul,81042125020,tim95@example.net
965,Sean Mclaughlin,64405961856,gfaulkner@example.com
966,James Walker,54109936677,annreed@example.com
967,Tanya Martin,75275162836,stephanie76@example.net
968,Deborah Dunn,13757870104,jason79@example.net
969,Stephen Long,14225171963,littlejo@example.net
970,Aaron Buckley,80579210582,colerussell@example.com
971,Regina Branch,61980905810,catherinemorgan@example.net
972,Hannah Allen,53956849674,anthony00@example.org
973,Ann Griffin,68642983586,hernandezkimberly@example.org
974,Jonathan Weber,80077288027,pottstanner@example.com
975,Shawn Wilson,89368992239,kdavis@example.org
976,Allen Raymond,66005377627,medinamadeline@example.net
977,Mark Hughes,80627143559,csmith@example.org
978,Sonya Ramsey,83623300773,ifranklin@example.com
979,Angela Wilson,75107726163,jacksondaniel@example.org
980,Jesse Higgins,25774695318,ygriffith@example.net
981,Mr. Brandon Richards,38875007679,smithgabriel@example.org
982,Kimberly Rowland,91210707048,johnsonpaul@example.com
983,Leah Watson,29127265171,woodtony@example.net
984,Brian Avery,97045338334,mcdonaldomar@example.com
985,Lori Mullins,15632163503,christopher02@example.net
986,Taylor Smith,90555043701,dcallahan@example.net
987,Susan Blankenship,32129526907,jamesmccann@example.net
988,Jennifer Marshall,68383186780,leah88@example.com
989,Maxwell Nichols,27099802606,emily78@example.net
990,Lance Compton,85000855989,ralph70@example.com
991,Joshua Butler,78778717166,vasquezamanda@example.net
992,Rachel Lopez,89037262374,nicolasdominguez@example.org
993,Joel Gordon,38683253227,sean51@example.org
994,Karen Stanley,48559014163,robert55@example.org
995,Jennifer Gay MD,20111629498,mfigueroa@example.com
996,Spencer Foster,88833874762,stephanie18@example.com
997,Carolyn Mann,73664646564,cvasquez@example.net
998,Katherine Barajas,97988064946,christopherwilson@example.net
999,Christopher Lynch Jr.,77758353189,marcia17@example.com
1000,Virginia Mcpherson,52350252657,kimberlymorales@example.org
