endereco_id,cliente_id,rua,cidade,estado,cep
1,1,1306 Ashley Knoll,Port Julie,Virginia,72157
2,2,53676 Roberts Villages Apt. 262,Port Derek,Minnesota,74042
3,3,573 Lauren Prairie Suite 058,North Travischester,Nebraska,60814
4,4,95889 Daniel Wall Suite 858,East Jennifer,Kansas,06530
5,5,4372 Nicholas Stream Apt. 110,Wuhaven,Vermont,59868
6,6,04522 Grant Lakes,Herreraborough,Indiana,01549
7,7,579 Stewart Manor Apt. 124,South Larry,Delaware,62492
8,8,6764 Shelton Square,South Caroltown,Nevada,69382
9,9,535 Brian Plaza Apt. 968,Roachport,Arizona,11207
10,10,97255 Banks Extension Suite 197,South Michael,Arizona,49512
11,11,2418 Charles Park Apt. 761,Jennifertown,Ohio,36042
12,12,69946 Fisher Fields,West Heatherport,Kentucky,93998
13,13,616 Bean Harbors Suite 648,Higginsmouth,Arkansas,79166
14,14,5803 Wallace Lane Suite 279,West Jonathanmouth,Iowa,10944
15,15,61155 Brown Groves,Gonzalesport,Montana,56773
16,16,2371 Max Estate Suite 683,Benjaminbury,Montana,65832
17,17,3006 David Isle Apt. 216,Lake Carolyn,Indiana,83818
18,18,2858 Kevin Forks Suite 469,Haileyport,Maryland,92894
19,19,550 Gabriella Haven,North James,Missouri,87067
20,20,129 Mays Spring Suite 351,Tarachester,West Virginia,53164
21,21,72639 Wilkerson Fords,Robertsstad,Ohio,07377
22,22,914 Tyrone Brooks Suite 383,Castanedamouth,Massachusetts,15300
23,23,65940 Conway Brook Apt. 539,Jaredview,Delaware,93458
24,24,189 Lauren Mountains Apt. 033,South Allenside,Washington,30055
25,25,89024 Harrison Creek,East Annmouth,Pennsylvania,40688
26,26,933 Jaime Brook,Jenkinsport,New York,66399
27,27,97651 Harper Well Suite 410,New Jacob,Wisconsin,83306
28,28,1691 Spencer Roads Suite 844,West Rebecca,Utah,64193
29,29,7493 Tyler Crest Apt. 919,South Emilyton,New Jersey,62703
30,30,75740 Shawn Branch Suite 814,Richville,Michigan,66953
31,31,052 Linda Bridge,Billshire,New York,59194
32,32,318 Cooper Parkway Suite 393,Hillview,Louisiana,13512
33,33,819 Wheeler River,Paulside,Maine,60361
34,34,40871 Moore Trail Apt. 023,South Bethanyfurt,Utah,27039
35,35,1957 Jones Forge Apt. 560,Campbellberg,Vermont,61958
36,36,6684 Mays Circles,Jamietown,Delaware,22916
37,37,7913 Webb Drive,Port Cameron,Mississippi,27824
38,38,46860 Evan Isle Apt. 357,Johnnyfurt,South Carolina,43960
39,39,3867 Jones Rest Apt. 093,Janetfort,Mississippi,03809
40,40,79633 Cochran Rapids,East Mariaberg,Hawaii,91975
41,41,51442 Porter Lake Apt. 992,Danielton,New York,13132
42,42,162 Perez Knoll Apt. 527,Lake Carrieburgh,South Carolina,40446
43,43,08875 Max Forge,West Janet,Alaska,23291
44,44,894 Carlos Roads Apt. 807,Walshland,Michigan,37854
45,45,85534 Mata Throughway,Tomtown,Nebraska,26754
46,46,89283 Jeffrey Knolls Suite 065,Sonyabury,Iowa,06972
47,47,69890 Seth Circles Suite 016,North Jeromebury,North Dakota,10094
48,48,76118 Thompson Falls,North David,South Dakota,59719
49,49,28305 Turner Spring,South Richard,Kentucky,70941
50,50,471 Ryan Grove,Jillport,Washington,38339
51,51,2938 Jones Roads Suite 235,Port Anthonyhaven,Delaware,90649
52,52,1988 Kathryn Shoal Apt. 277,South John,Indiana,62621
53,53,69785 Dana Knoll Apt. 682,Kellyshire,Utah,57641
54,54,267 Spencer Corner,New Paul,Colorado,06613
55,55,5269 Lauren Manors Suite 666,Lake Robin,Delaware,27122
56,56,22679 Luis Parkway Apt. 972,Katiemouth,Maine,12380
57,57,504 Pace Ridges,Lake Danielside,Iowa,96498
58,58,32239 Mcdonald Lodge,Smithfort,Virginia,07201
59,59,87675 Phillip Haven Apt. 363,Peggymouth,Tennessee,48429
60,60,038 Jessica Creek,Alvarezport,California,25159
61,61,898 Scott Track Apt. 748,Jacksonton,Connecticut,17335
62,62,4040 James Ramp Apt. 119,North Nicoleburgh,Montana,91232
63,63,68555 Smith Ports Suite 841,Lake Denisechester,Connecticut,83627
64,64,830 Bishop Ranch,North Cristian,Utah,12986
65,65,057 Woods Drive,South Emilyburgh,Connecticut,18518
66,66,6037 Joseph Trace Suite 481,Port Scottburgh,Connecticut,12764
67,67,5252 Melton Pines Apt. 988,West Patrickton,New Hampshire,56333
68,68,4141 Matthew Valley Suite 540,East Juan,Virginia,02760
69,69,871 Sydney Course,Amberstad,Indiana,24732
70,70,61365 Anthony Green Suite 935,East Christina,Indiana,62660
71,71,3717 Ortiz Heights,South Sarahside,Massachusetts,34955
72,72,897 Whitehead Locks,Port Paul,Iowa,27683
73,73,0888 Smith Bridge Apt. 857,New Loristad,Arkansas,93769
74,74,5909 Antonio Crest Apt. 652,West Daniel,Texas,77209
75,75,4760 Stephanie Spurs,Williamside,Kansas,71358
76,76,0760 Kyle Extension Apt. 574,Markmouth,Hawaii,40721
77,77,578 King Ferry,Lake Ryan,Mississippi,50804
78,78,925 Long Curve Suite 151,East Jennifer,Missouri,75472
79,79,101 Gray Harbors Apt. 899,Michaelburgh,Rhode Island,05921
80,80,1423 Rodriguez Wells Suite 846,West Lisafurt,Iowa,23628
81,81,4737 Samuel Brook,Jessicashire,Tennessee,70487
82,82,06322 Seth Forks Apt. 920,Charlestown,South Carolina,66075
83,83,097 Oliver Neck,Port Kyleville,Maine,32163
84,84,6513 Kenneth Viaduct,Smithchester,Michigan,12893
85,85,9837 Matthew Flats Apt. 797,Lake Courtney,New Mexico,25517
86,86,69985 Todd Harbor Apt. 710,North Henry,Tennessee,01887
87,87,500 Miller Hollow,West Melissa,Mississippi,33682
88,88,053 Johnson Lodge Apt. 024,South Crystal,New Hampshire,19872
89,89,230 Sandra Islands Apt. 360,West Williamland,South Dakota,53528
90,90,03161 Thompson Estate Apt. 002,New Melvin,Florida,79982
91,91,997 Scott Harbors Suite 747,North Christopher,Arizona,73444
92,92,546 Bradley Junction,Taylorbury,South Carolina,92995
93,93,3111 Ingram Spring,South Joseph,New York,35956
94,94,266 Steven Rapid,West Ronald,Massachusetts,48505
95,95,313 Bray Mills Suite 145,Briannaton,Hawaii,11020
96,96,5593 Russell Trail,Pearsonshire,South Carolina,79729
97,97,1081 Thompson Mountains Suite 340,West Shannonland,Louisiana,54659
98,98,313 Arroyo Cliff Suite 752,Alexanderstad,Utah,66372
99,99,70301 Rodgers Drive,Jodichester,Massachusetts,12231
100,100,6814 Andre Stream Suite 351,Amymouth,Ohio,95338
101,101,803 Edward Stream,Franklinmouth,Texas,74824
102,102,9888 Ashley Lights Apt. 345,South Jennashire,Mississippi,18972
103,103,854 Leah Rest,Tinatown,Washington,64572
104,104,59633 Browning Wells Apt. 571,North Benjamin,Wyoming,45656
105,105,093 Morris Square Suite 554,Jamesfort,Wisconsin,54947
106,106,475 Kim Ways Suite 413,Lindseybury,Hawaii,86605
107,107,981 Lucas Pike,Lake Catherineton,New York,43468
108,108,310 Jeremy Circle Suite 716,New Benjamin,West Virginia,47351
109,109,4688 Miller Overpass,Laurahaven,New Jersey,82307
110,110,1679 Phillips Cove,East Douglas,Georgia,64428
111,111,848 Daniel Meadows,Lake Austintown,Connecticut,11342
112,112,04350 Mitchell Plain Suite 331,Vincentton,Virginia,41641
113,113,374 Susan Trail,Lake Matthew,Illinois,31588
114,114,5371 Marc Ramp Suite 780,Annborough,West Virginia,92667
115,115,033 Thompson Plaza,Thompsonview,Missouri,63079
116,116,64661 Victoria Locks Suite 834,Johnsonfort,Nebraska,44426
117,117,33487 Sarah Landing,New Aimee,Utah,10612
118,118,774 Sanders Mission,Taylorchester,Nebraska,97240
119,119,557 Olivia Forge Suite 261,New Darren,Minnesota,38233
120,120,8121 Travis Field,Howardborough,Delaware,89801
121,121,500 Elizabeth Hill,Hernandezborough,Maryland,07169
122,122,758 Jeffrey Shoal Apt. 054,East Davidton,Hawaii,31720
123,123,644 Sylvia Keys,Sextonhaven,Kentucky,76531
124,124,05744 Joel Park,Erinland,Arizona,12685
125,125,6965 Brown Burgs Apt. 718,Wandafurt,Connecticut,44769
126,126,897 Carlos Village Apt. 384,Port Gabrielle,Connecticut,94124
127,127,29537 Rivas Street Apt. 347,Kathleenhaven,Oklahoma,00639
128,128,9640 Sherry Wells Apt. 645,Kennethmouth,West Virginia,62123
129,129,35489 Dean Isle,Bennettmouth,Massachusetts,50251
130,130,5768 Amber Flat,Lake Carolyn,Connecticut,76313
131,131,545 Riley Lodge,West Tammyfort,California,65925
132,132,645 Brianna Gateway,East Edward,Oregon,49153
133,133,731 Jacqueline Burg,Samanthaville,Indiana,11986
134,134,5995 Gregory Oval Apt. 804,New Rebecca,North Dakota,80431
135,135,3434 Olson Neck Suite 998,Hamptonburgh,New York,13658
136,136,838 Nancy Mission Suite 641,Hectorfurt,Vermont,24652
137,137,79721 Velasquez Islands Apt. 904,North Brandymouth,West Virginia,76508
138,138,73650 Wesley Union Suite 341,Lake Jordan,Washington,94567
139,139,3701 Eric Tunnel Suite 532,Jimmymouth,Maine,08289
140,140,93991 Castro Vista Apt. 315,Alexisborough,Wyoming,07633
141,141,8432 Kim Freeway Apt. 621,Christinachester,Tennessee,01237
142,142,600 Kirk View,New David,Arizona,51324
143,143,9810 Powers Isle,Evansside,Nebraska,46708
144,144,2134 Angela Fork,Phillipsfort,Nevada,41805
145,145,618 Goodman Keys Suite 623,South Kenneth,Kansas,88326
146,146,056 Norma Lock,Conleyburgh,North Dakota,70157
147,147,7927 Michael Circles Suite 177,Marissastad,Alaska,80692
148,148,45043 Davis Oval,Johnshire,Illinois,29750
149,149,6759 Destiny Harbors Suite 745,East Raymond,North Dakota,99243
150,150,901 Tommy Crossroad Suite 098,Kathrynshire,South Dakota,43411
151,151,267 Murphy Lake,West Raymond,New Hampshire,87456
152,152,889 Shepard Track Suite 824,Lake Christopher,Maryland,66793
153,153,47419 Rodriguez Skyway Apt. 053,Trevinofort,Minnesota,77735
154,154,1539 Aguilar Viaduct,Macdonaldview,Rhode Island,16017
155,155,475 Kyle Haven Suite 597,North Nancy,New Jersey,79057
156,156,3009 Gardner Roads,West Michellebury,Delaware,15584
157,157,66216 Fisher Branch,West Feliciafort,Montana,60062
158,158,233 Scott Fords,Brianstad,Alaska,56332
159,159,7740 Moore Manor Suite 900,Darleneshire,Louisiana,01451
160,160,82480 James Square,North Jessica,Mississippi,30910
161,161,9752 Garrett Shoals Suite 635,Markfurt,Pennsylvania,84740
162,162,0846 Lisa Field,Lake Mariah,Illinois,39937
163,163,31679 Jackson Plains Apt. 774,North Dennisland,South Dakota,16397
164,164,113 Teresa Mountain,Jenniferport,Iowa,77514
165,165,3434 Smith Tunnel Apt. 564,West Lee,New Mexico,32707
166,166,673 Adrienne Station Apt. 197,West Katie,Kansas,16483
167,167,20422 Seth Vista,South Erin,Delaware,10611
168,168,66905 Jackson Mission,New Alexanderside,North Dakota,53863
169,169,452 Wilson Drive Apt. 542,Shafferfurt,Arkansas,69101
170,170,134 Jill Squares,East Brittanyport,Virginia,70299
171,171,135 Stone Point,South Sharonstad,Kentucky,66332
172,172,59942 Jennifer Crest Apt. 920,Lake Anthony,Wisconsin,57809
173,173,263 Brandon Club,South Kyleland,Arizona,66050
174,174,7602 Ward Points Suite 726,Port Jacobmouth,Hawaii,07870
175,175,8376 Ryan Prairie Suite 180,Port Sarah,North Carolina,74389
176,176,074 Silva Dale,North Lisa,Vermont,44083
177,177,43694 Beth Throughway Apt. 976,Watsonbury,Michigan,23196
178,178,216 Johnson Street Apt. 803,Hicksfurt,Massachusetts,92595
179,179,61484 Johnson Gateway,Michelleville,Michigan,99248
180,180,425 Jeremy Point,Samanthaport,Georgia,12682
181,181,491 Cooper Vista,Reidstad,Iowa,96070
182,182,88601 Adkins Harbor Apt. 754,Kellyborough,Ohio,00782
183,183,527 Hanson Gardens,Port Oliviashire,Mississippi,09096
184,184,57031 Edwards Hills Apt. 516,New Theodore,Louisiana,45649
185,185,269 Robinson Squares Suite 609,New Colleenhaven,Nebraska,77997
186,186,2278 Catherine Mount Apt. 346,Brettstad,South Dakota,83645
187,187,27197 Janice Tunnel Apt. 472,Roblesmouth,Maine,22217
188,188,585 Amber Shoal,South Justin,Missouri,96173
189,189,39428 Shepherd Motorway,Rebeccachester,Washington,77907
190,190,7631 Antonio Estate,East Nicholasborough,Arkansas,55315
191,191,4450 Wesley Spring,Danielville,Idaho,74550
192,192,67297 Brown Ferry Suite 647,Adamport,Massachusetts,50641
193,193,26552 Jones Skyway,East Roy,Connecticut,54632
194,194,869 Susan Harbor,North Heathertown,Oklahoma,63349
195,195,00563 Joseph Loop,South Robert,Kansas,06662
196,196,93536 Carmen Passage Apt. 033,Jensenmouth,Missouri,09883
197,197,5488 Paula Via Apt. 246,Patriciastad,Missouri,77001
198,198,7313 Sharon Mountain Apt. 767,Richardsonton,Iowa,72769
199,199,260 Frank Squares,South Lukefurt,South Carolina,14230
200,200,5217 Benjamin Estates Apt. 292,New Mistyton,Maine,35265
201,201,4503 Shelton Groves,Simshaven,New Hampshire,11799
202,202,511 Nelson Lodge Apt. 108,Port Gwendolynmouth,New Jersey,58363
203,203,8333 Hall Flats Suite 705,New Austin,New Mexico,71930
204,204,231 Tonya Roads,Hollyton,Louisiana,59045
205,205,669 Kennedy Green,Stephenmouth,Oregon,36957
206,206,2859 Amanda Port,Ronaldmouth,Texas,82635
207,207,2679 George Club,Melindaborough,South Dakota,12775
208,208,52720 Lopez Radial Suite 663,West Debbiemouth,Georgia,36939
209,209,903 Cesar Mall,Christinemouth,West Virginia,65334
210,210,55108 King Estates Apt. 221,East Johnburgh,Iowa,16488
211,211,0940 Courtney Course Suite 876,Port Michelechester,New York,67389
212,212,62376 Matthew Pines,West Amanda,Georgia,95213
213,213,7975 Melissa Ports,New Kurt,Nebraska,21283
214,214,3757 Mcintyre Landing,Lake Jamesport,Alabama,96523
215,215,23270 Kayla Mission Suite 436,Victorland,Mississippi,07790
216,216,458 Susan Road,Williamside,Oklahoma,34807
217,217,186 Michael Circle,Jessicamouth,Minnesota,25924
218,218,6466 Craig Pike Suite 185,Lake Todd,Alaska,23873
219,219,4281 Nicole Fords Suite 625,Stacyville,Wyoming,91276
220,220,10706 Frey Tunnel,North Ashleybury,Massachusetts,29585
221,221,63494 Hoffman Forge Suite 492,Port Carolyn,Minnesota,49828
222,222,79349 Megan Stravenue,Christinamouth,New Jersey,33134
223,223,68539 Nicholas Roads Apt. 700,Weaverland,Washington,66184
224,224,734 Anita Roads Suite 083,Jenkinstown,Ohio,22092
225,225,063 Myers Turnpike,Bethside,Kansas,96348
226,226,996 Hansen Underpass,East Breanna,Missouri,04851
227,227,594 Anthony Cove,Melissachester,Idaho,17865
228,228,59175 Garcia Manor,West Cynthiaside,South Carolina,20549
229,229,4907 Ortega Path Apt. 946,Petersonfurt,Wyoming,55690
230,230,8053 Ashley Causeway,Brianshire,Wisconsin,85454
231,231,6157 Nicole Rue,Port Marissaport,Illinois,65050
232,232,4032 Troy Mission,Amyfort,Tennessee,01540
233,233,43717 Williams Ferry Apt. 885,South Cynthiastad,Oregon,06744
234,234,2739 Benjamin Stravenue Apt. 394,Martinville,Oregon,52677
235,235,105 Alvarez Divide,Nicholasberg,North Carolina,25771
236,236,6151 Fox Bypass,Lake Lori,Arizona,72270
237,237,601 Sutton Crescent,Jeremyfurt,New York,42030
238,238,42794 Beth Field Suite 538,South Chadberg,South Dakota,78120
239,239,40261 Kaitlyn Prairie,East Patrick,Kansas,25837
240,240,914 Mendez Hill Apt. 181,Michaelborough,Pennsylvania,43673
241,241,736 Dyer Terrace,Robertport,Alabama,94133
242,242,951 Jeffrey Wall Apt. 589,East Lauraburgh,Georgia,87185
243,243,4805 Monica Fields Apt. 968,Santoshaven,Tennessee,08283
244,244,501 Kevin Light,East Juliaside,Montana,46142
245,245,394 Timothy Key Apt. 620,West Carlland,Michigan,76277
246,246,37680 Sanchez Corner,Lake Sarahton,Kentucky,90290
247,247,396 Mendoza Glens Suite 521,Alexanderchester,Arizona,04690
248,248,528 Karen Knoll Apt. 670,East Katherine,Maryland,28019
249,249,0335 Jeffrey Drive Apt. 311,Port Seanstad,Arkansas,74204
250,250,4414 Tammy Village Apt. 305,Shaneburgh,Massachusetts,88492
251,251,8815 Olsen Points,Isaachaven,Tennessee,68899
252,252,0622 Jones Row Suite 235,North Johnhaven,Arizona,98424
253,253,09603 Brandon Stream Apt. 272,Robertchester,Missouri,84416
254,254,34037 Alicia Fall Suite 388,East Taylormouth,Nebraska,87456
255,255,0009 Murphy Ports Apt. 042,West Kimberly,Arizona,13410
256,256,555 Munoz Viaduct Apt. 557,Alexandermouth,Iowa,10002
257,257,996 Cheryl Path,Davisview,Rhode Island,54446
258,258,582 Chavez Manor Suite 153,Williamsonfurt,Michigan,92586
259,259,5389 Nelson Mountain,Grossburgh,Nebraska,42590
260,260,801 Berger Manor,South Melissa,South Carolina,41940
261,261,600 Parks Gateway,South James,Texas,68421
262,262,7474 Lee View,South Christy,West Virginia,26904
263,263,943 Vernon Bridge Suite 974,Thomaschester,Georgia,52266
264,264,58840 Natasha Station,Hawkinsmouth,Illinois,51055
265,265,362 Ryan Heights,New Christineland,Oregon,80787
266,266,062 Smith Meadow,Port Anita,Connecticut,12709
267,267,4204 Miller Walks Apt. 127,Cummingsborough,Washington,98159
268,268,961 Johnson Gardens Suite 436,Port Ian,Vermont,54910
269,269,7307 Shields Forge Apt. 134,Nicholehaven,Nevada,30858
270,270,4981 White Summit,Campbellville,Louisiana,53155
271,271,370 Jeffrey Harbors Apt. 753,Andrewsside,Arkansas,84553
272,272,326 Nicole Tunnel,Morganfort,Missouri,82116
273,273,000 Walker Stravenue Suite 609,Reidhaven,Wyoming,75192
274,274,5943 Dickerson Underpass Suite 937,Georgeview,West Virginia,49885
275,275,698 Green Mount Suite 716,Bradyview,West Virginia,26752
276,276,453 Deborah Meadow Apt. 922,New Meagan,Nevada,56302
277,277,401 Barrett Pike Apt. 100,East Yvonne,Missouri,61265
278,278,365 Rita Pike Apt. 230,Butlerfort,Colorado,02354
279,279,471 Pamela Brooks Apt. 636,South Luis,California,13031
280,280,368 Martinez Divide,Port Nicholasberg,Minnesota,25079
281,281,0100 Coleman Stravenue,Brandiborough,Georgia,35476
282,282,135 Mario Village,South Kim,North Dakota,83799
283,283,2514 Kelly Falls Apt. 145,Karishire,Kentucky,14536
284,284,83418 Thomas View,Olsonview,Kansas,67505
285,285,800 Patricia Lake Suite 735,Shirleystad,Washington,40619
286,286,554 Ryan Radial,New Seanburgh,Alabama,10725
287,287,02251 Laura Crescent Apt. 639,Jacksonview,Massachusetts,47797
288,288,2151 Stevens Rapid,Douglasberg,Florida,55795
289,289,926 Michael Mission,Brockmouth,Connecticut,91886
290,290,69938 Adams Tunnel,Katelynstad,North Dakota,87685
291,291,48397 Edward Way,Perezburgh,Florida,96960
292,292,6155 Zachary Forks,Michaelmouth,Hawaii,95665
293,293,07749 Christina Turnpike,Jeanneland,Nevada,81986
294,294,3532 Tammy Harbor,East Christineborough,Alaska,10732
295,295,91684 Valerie Crescent,Roblesville,North Carolina,44630
296,296,51112 Chang Field Suite 664,West Tinahaven,Arkansas,39090
297,297,3861 Angela Overpass Suite 871,North Tristanmouth,Kentucky,55703
298,298,83814 Garcia Mountain Suite 524,Priceview,Florida,42044
299,299,527 Rachel Port,Robertchester,Virginia,39967
300,300,251 Nathaniel Dale,Huntertown,Texas,10076
301,301,47878 Stone Flat,Strongberg,New York,29744
302,302,63939 Corey Trail,Stacyside,Florida,43632
303,303,14366 Meyers Terrace Suite 169,Christophermouth,Hawaii,99108
304,304,39263 Jones Knolls Apt. 766,North Stephanie,New Jersey,21396
305,305,050 Katherine Turnpike Apt. 463,Changborough,California,05697
306,306,64633 Nichols Forges,Margaretport,Idaho,84546
307,307,06546 Michelle Cove,New Colleen,New York,94339
308,308,93261 Kirk Village Apt. 597,Petersonshire,Wisconsin,36739
309,309,95597 Cynthia Ways Suite 446,Choiview,Maryland,29169
310,310,5576 Klein Island Apt. 148,Brandonberg,Nebraska,94639
311,311,05956 Roman Inlet,Daltonstad,Arkansas,59953
312,312,89227 Johnson Mill,Lawrenceside,Alaska,65294
313,313,73137 Michael Groves Apt. 413,Sullivanmouth,Montana,79826
314,314,3819 Kimberly Points,New Biancamouth,New York,81586
315,315,8831 Brown Trail Suite 747,Scottside,Rhode Island,32912
316,316,19397 Kelsey Plaza Suite 189,Martinezport,California,82348
317,317,8384 Robert Stream Apt. 801,Michaelbury,Iowa,60868
318,318,74143 Rodriguez Ranch,East Robert,Nebraska,91484
319,319,047 Miller Prairie Apt. 549,Kingburgh,New York,59162
320,320,32026 Kelsey Pines,New Edgar,Texas,84087
321,321,86448 Oconnor Dale,East Crystal,Texas,61924
322,322,91500 Karla Valley,Beverlyport,Idaho,01015
323,323,037 Kayla Oval,Andrewberg,New Hampshire,04092
324,324,04474 Griffin Walks Suite 943,Port Linda,Tennessee,25210
325,325,93332 Jones Ville,Jasonstad,Arkansas,49334
326,326,855 Silva Parkway Apt. 353,Lindatown,Iowa,14681
327,327,74735 Cooper Harbors Suite 992,New Alexismouth,Tennessee,01452
328,328,5123 Padilla Neck Suite 867,South Robinville,New Hampshire,74767
329,329,6068 Hayes Island Apt. 777,Adrianchester,North Dakota,97801
330,330,066 Mcclain Square Apt. 227,Leeshire,Indiana,40151
331,331,3947 Catherine Lodge Suite 426,East Johnathanport,Kansas,61172
332,332,0559 Shannon Ports Suite 208,East Jenniferborough,Maryland,29001
333,333,624 Angela Flats Suite 300,Ellischester,Ohio,65363
334,334,38483 Smith Estate Apt. 538,South Rachelview,Kansas,56730
335,335,65768 Jeffrey Tunnel Apt. 462,West James,Oklahoma,35759
336,336,9868 Smith Squares Suite 101,West Johnbury,Florida,07784
337,337,1890 Powell Neck Apt. 495,Juliemouth,Georgia,62894
338,338,758 Singh Key Suite 473,Millerland,Arizona,41966
339,339,49641 Morgan Crescent Suite 319,East Evanton,Kansas,76947
340,340,3199 Taylor View,South Stacey,South Dakota,07538
341,341,746 Mary Alley,Roachborough,Montana,69432
342,342,427 Olson Squares Apt. 661,Hoffmanstad,Utah,28102
343,343,466 Gonzalez Ports,East Luisburgh,Connecticut,76589
344,344,830 Samantha Brook Suite 769,Hernandezchester,Minnesota,91002
345,345,18013 Lopez Island,South Saraburgh,Alaska,44760
346,346,069 Jose Radial,North Richard,Ohio,66764
347,347,70220 Scott Mission,Patrickland,Tennessee,14671
348,348,86047 Deleon Via,New Joshuaside,Alabama,62757
349,349,034 Mason Squares,Danielfort,Washington,53511
350,350,51049 Jeremy Mountains,Spencermouth,Georgia,17078
351,351,808 Hector Loaf Suite 013,Port Mariatown,Rhode Island,67233
352,352,35229 Patricia Run Apt. 981,Lake Cory,West Virginia,61707
353,353,7143 Sanders Trail,Dyershire,Missouri,76278
354,354,34566 Kim Forges,Joshuamouth,Florida,65639
355,355,002 Julie Hill Suite 661,East Anthonyburgh,New York,25141
356,356,90124 Haley Pine Suite 914,West Kathrynstad,Arkansas,87860
357,357,899 Hoover Curve,East Christopher,Arizona,70396
358,358,1136 Charles Terrace Suite 921,Scottmouth,Maryland,31251
359,359,0155 Linda Neck,Nicholasport,South Carolina,37082
360,360,804 Powell Well,Changview,Montana,60610
361,361,81520 Malone Pass,New Mariah,Minnesota,62854
362,362,14692 Roberts Junctions Suite 977,North Ericafurt,Arkansas,84621
363,363,772 Fitzgerald Avenue,Port Albertfurt,Rhode Island,59925
364,364,0311 Brandon Extension,Buchananside,Louisiana,56331
365,365,070 Zimmerman Heights Apt. 485,Davidport,Indiana,53670
366,366,5611 Misty Point Apt. 993,Kennedyberg,Tennessee,64958
367,367,00221 Harper Flat,South Bethany,Delaware,11485
368,368,99469 Austin Streets,Beasleyville,Minnesota,32367
369,369,08011 Wesley Place,Rodriguezland,Tennessee,48895
370,370,103 Marissa Wall,Mcintyremouth,Colorado,90609
371,371,0950 Daugherty Mission Suite 146,Port Stevenland,Ohio,36976
372,372,590 Marissa Mission Apt. 622,Hallville,Florida,11509
373,373,0224 Miller Oval Suite 134,Ashleystad,Wyoming,11156
374,374,41333 Bradley Island Apt. 976,Krystalborough,North Carolina,37781
375,375,6104 Allison Isle,South Nicole,Wisconsin,14189
376,376,85801 Lucas Highway Apt. 090,West Jerrystad,Ohio,95174
377,377,499 Amber Parks Apt. 987,West Michaelside,Missouri,41826
378,378,97305 Roger Stravenue Apt. 608,South Selena,Mississippi,59166
379,379,1223 Shaun Ports,Lake Gary,Nevada,55849
380,380,572 Tran Center,West Jonathan,Wyoming,70617
381,381,65357 Joshua Overpass,Lake Tom,Illinois,17794
382,382,0787 Tricia Estate Suite 661,West Andreaview,West Virginia,88196
383,383,63629 Morrow Port,Jennamouth,Hawaii,08560
384,384,418 Martin Center Suite 183,West Shawn,Idaho,16877
385,385,26784 Ryan Keys Apt. 060,North Joseshire,Delaware,73675
386,386,882 Reyes Ford Suite 781,South Sarah,Wisconsin,53799
387,387,41276 Fox Summit Suite 455,Peckstad,South Dakota,22736
388,388,795 Corey Greens Apt. 236,Port Chadstad,Maine,39838
389,389,01133 Tammy Ways,Jamesberg,South Dakota,14527
390,390,721 Bell Crest Suite 856,Port Kathy,Arizona,64847
391,391,943 Walker Forks,Joannachester,Indiana,53829
392,392,41991 Amber Stravenue,North Heatherview,Oklahoma,64591
393,393,438 Delacruz Route,East Donald,Maine,22531
394,394,842 Robert Harbor,New Stephanie,Missouri,54665
395,395,6362 Martin Forks,Jasonview,Oklahoma,53899
396,396,38181 Price Hollow,East Amyton,Oregon,53288
397,397,2583 Taylor Junction,East Jeff,Wisconsin,84441
398,398,2056 Sanchez Springs Suite 965,Jenniferview,Arkansas,56511
399,399,6910 Jason Greens,Jimenezmouth,South Dakota,52101
400,400,3413 David Inlet Apt. 884,Curtisshire,Louisiana,04376
401,401,11119 Guerrero Expressway Suite 329,Lake Markton,Maryland,61317
402,402,9546 Joseph Heights Suite 375,South Erinview,Pennsylvania,73295
403,403,19894 Antonio Rapid Suite 459,Brennantown,Nevada,98626
404,404,5460 Walker Ways Apt. 541,South Tracybury,Arkansas,03367
405,405,14990 Farley Unions Apt. 092,Port Kendra,California,97843
406,406,067 Andrea Greens,South Dawnville,Illinois,65072
407,407,137 Mahoney Mountain Suite 724,Brendaville,Kentucky,15256
408,408,03429 Bethany Valley Apt. 017,Michelletown,Connecticut,45818
409,409,1318 Foster Lodge Apt. 503,Scottland,South Dakota,04175
410,410,541 Whitaker Valleys Suite 557,East Crystal,Kentucky,61865
411,411,679 Sabrina Summit,South Anita,Georgia,96411
412,412,54486 Brown Burg Suite 377,West Linda,New Jersey,74022
413,413,0146 Coleman Parks Suite 880,Claudiamouth,Wyoming,39235
414,414,539 Jefferson Viaduct,Garrettbury,Minnesota,90784
415,415,9393 Denise Motorway,Port Monicachester,Alabama,35386
416,416,0503 Alyssa Mount Apt. 977,West Thomas,Washington,31616
417,417,6780 Brown Underpass,Bradleymouth,South Carolina,59037
418,418,06717 Baxter Plain Suite 351,Keithstad,New Jersey,10912
419,419,3037 Mcbride Curve Suite 797,Hessberg,Arizona,04774
420,420,019 Jill Circles Apt. 856,West Ericport,Missouri,72824
421,421,55224 Lopez Alley,East Whitneyfort,Virginia,24744
422,422,7601 Clay Streets Apt. 451,East John,New Jersey,36793
423,423,4638 Perez Cliffs,Sarahchester,Florida,16042
424,424,94705 Riggs Loaf Apt. 825,South Brandon,Idaho,58183
425,425,650 Ronald Club,Lake Reneeshire,South Dakota,68697
426,426,9989 Rebekah Green Suite 139,North Davidport,North Dakota,61785
427,427,372 Bradshaw Via,Port Brucebury,Alaska,99648
428,428,449 Nicole Bypass Apt. 603,Samuelton,Georgia,76660
429,429,62693 Garcia Ways Apt. 320,East Jasonchester,Missouri,25661
430,430,99014 Elizabeth Crossroad,New Meghanview,Mississippi,47897
431,431,4628 Tammy Grove Suite 477,Port Coreychester,Nevada,40880
432,432,4445 Marquez Shores,Gonzalezhaven,Arkansas,80601
433,433,4843 Harper Knolls Suite 642,Clarkeview,Kentucky,84676
434,434,68414 Lara Club,Johnsonborough,New York,54074
435,435,307 Rodriguez Place,Vincentview,Vermont,82908
436,436,18271 Stephanie Loaf Apt. 933,Michaelstad,Alaska,17027
437,437,1078 Callahan Key,West Jamie,Pennsylvania,92851
438,438,6528 Hernandez Village Apt. 960,East Mark,New Mexico,61231
439,439,866 Stacey Forges,East Dennisview,Massachusetts,38543
440,440,7241 Johnson Summit Suite 800,Dariusburgh,Ohio,63362
441,441,86747 Christopher Hill,Port Carlyburgh,Connecticut,34093
442,442,744 Bryan Spurs,New Jennifer,Maryland,33223
443,443,92140 Dennis Center,Perrymouth,Minnesota,41975
444,444,971 Clark Plain Suite 869,Yufort,Connecticut,10459
445,445,30824 Christina Cape Apt. 797,Annaborough,New York,98953
446,446,7567 Tara Creek,East Laurentown,Louisiana,35387
447,447,3650 John Estates Apt. 711,Fullertown,Wisconsin,62304
448,448,70770 Jones Harbor Apt. 823,West Curtiston,New Jersey,84745
449,449,13832 Mcneil Circles Apt. 606,North James,Maine,46601
450,450,357 Jodi Stravenue Apt. 727,Noahshire,Arkansas,93564
451,451,2831 Tony Spurs,Fraziermouth,Oklahoma,90569
452,452,140 Lisa Glen,Andersonville,Missouri,94969
453,453,545 Eric Lane Apt. 288,Whiteburgh,Florida,40407
454,454,53427 Ortiz Terrace Suite 985,Sheilamouth,Delaware,58935
455,455,59488 Angela Station,Jasonville,North Carolina,19310
456,456,641 Franklin Haven Suite 799,Lake Jessica,New Jersey,20841
457,457,31913 Cassidy Keys Apt. 231,East Nancy,Missouri,20386
458,458,64921 Megan Estates,South Molly,Kentucky,62658
459,459,5628 Smith Plains Suite 111,West Kirkfort,Iowa,42401
460,460,1760 Rose Squares,West Rickychester,Florida,80241
461,461,269 Reynolds Field Suite 087,South David,Rhode Island,08366
462,462,0505 Moody Spurs Apt. 547,North Elizabethton,Colorado,45749
463,463,549 Rodriguez Bridge,Jenniferside,Mississippi,20902
464,464,135 James Field Suite 955,Robertville,Arkansas,35813
465,465,8630 Christian Inlet Suite 726,New Miashire,Illinois,62692
466,466,24368 Michael Shore Suite 211,West Jacob,Utah,41840
467,467,11084 Valdez Valleys Apt. 149,South Christopherberg,New Jersey,96295
468,468,902 Green Valley Apt. 526,Brownburgh,Massachusetts,41804
469,469,93424 Smith Trace,New Faithside,Mississippi,62604
470,470,639 Joel Camp Suite 549,North Erica,Utah,64749
471,471,5766 Charles Roads Suite 644,Mooreburgh,Florida,13759
472,472,6319 Valentine Lodge,Lake Scott,New Hampshire,51841
473,473,3468 Compton Points,Hodgeside,West Virginia,19036
474,474,281 Baker Park Suite 274,Shafferport,Delaware,69269
475,475,8685 Brown Courts,New Victoria,Nebraska,22436
476,476,7570 Anne Lakes,Colemouth,Ohio,63110
477,477,758 Martinez Prairie Apt. 413,Thorntonfort,Washington,89044
478,478,89410 Mason Mountains Apt. 495,East Kendra,Alabama,69273
479,479,36753 Shelly Roads Apt. 019,West Deborahshire,Washington,47042
480,480,395 Brandon Circles,South Danielle,Kentucky,70681
481,481,02035 Moses Alley Suite 572,West Christopher,South Carolina,45599
482,482,179 Smith Junctions Suite 751,Danieltown,South Carolina,65063
483,483,1412 Kevin Streets,West Jessicamouth,Alabama,29760
484,484,1961 Wilkerson Loop Suite 505,Joshuaport,North Dakota,33386
485,485,45860 Dawn Mount Suite 677,South Jessicabury,South Carolina,23448
486,486,782 Tucker Field,Fullerhaven,Michigan,13908
487,487,8873 Johnson Camp,North Michael,Maryland,67622
488,488,69367 Hood Crescent,Williamsshire,Alabama,25728
489,489,3165 Debra Road Apt. 692,Brendanshire,Kansas,86038
490,490,3199 Gordon Fork,Port Mariahview,Mississippi,24544
491,491,08615 Julia Alley,Russellchester,Wyoming,90089
492,492,999 Hill Locks Suite 502,New Christopher,Minnesota,99476
493,493,6170 Olsen Creek,New Maryport,Maine,45519
494,494,556 Christensen Mews,Coltonberg,Idaho,83370
495,495,5639 John Forks,Perezside,Hawaii,50994
496,496,211 Fleming Junctions Apt. 922,Port Amyville,Arizona,61975
497,497,367 West Light,West Natalie,Montana,05424
498,498,169 Luna Fields Suite 200,Schultzmouth,Florida,96655
499,499,86737 Katherine Dam,Lake Timothymouth,West Virginia,41816
500,500,770 Arroyo Common,South Noahmouth,New Mexico,09773
501,501,979 Rangel Tunnel,Christianborough,Virginia,60632
502,502,327 Laura Gardens Apt. 187,Lake Nicholasville,South Dakota,30413
503,503,80569 Nunez Pine,Benjaminview,Massachusetts,05720
504,504,623 Wilson Row,Simonfurt,Mississippi,26197
505,505,0534 Brett Mews Suite 661,Anthonyton,Nebraska,48103
506,506,2943 Craig Trafficway Suite 430,North Brucetown,Arkansas,73344
507,507,76811 John Drive Suite 688,North Lorihaven,Delaware,77255
508,508,236 Pratt Rapids Suite 395,Port Thomas,Maine,77999
509,509,422 Paul Forks,East Davidstad,Mississippi,68421
510,510,8428 Byrd Forge Suite 184,Port Charlesfort,Kansas,56839
511,511,22076 John Village,North David,Maryland,06451
512,512,689 Gregory Roads,Thomaschester,Colorado,75255
513,513,2842 Garcia Crossroad Apt. 865,Alexandratown,Washington,90561
514,514,716 Thompson Turnpike,Port Ashley,Alabama,34821
515,515,976 Dustin Springs,Knightfort,Delaware,48035
516,516,66506 Mark Island,Elaineborough,New Jersey,97211
517,517,362 Hester Point,Calebport,Ohio,54876
518,518,9091 Martin Orchard Apt. 825,North Nicolasshire,New Hampshire,99911
519,519,95726 Osborne Shores,New Jacobshire,Illinois,59827
520,520,130 Michael Common,South Coreyfort,Michigan,07494
521,521,30607 Ethan Station Suite 290,South Karenland,North Carolina,36783
522,522,436 Griffin Plaza Apt. 198,North Laurenchester,Florida,58237
523,523,41941 Jake Village,Richardsonton,Michigan,15983
524,524,7063 John Camp,Vincentberg,Rhode Island,72846
525,525,92058 Christopher Port Apt. 854,Tamaraberg,Wisconsin,83084
526,526,832 Townsend Vista Suite 762,Stefanieview,Idaho,42442
527,527,508 Laura Dam Apt. 891,Anitamouth,Michigan,71412
528,528,953 Avila Route,New Jessicaville,Hawaii,77626
529,529,392 Jacob Lakes,Lake Jennifer,Nebraska,27068
530,530,707 David Flats,Lake Savannah,New York,14811
531,531,441 Tammy Trace Apt. 192,Jamesburgh,Utah,07603
532,532,170 Alexa Views,West Richardfort,Michigan,61887
533,533,551 Quinn Bridge,New Elizabethstad,Vermont,48271
534,534,885 Dana Courts,East Stevenhaven,California,34831
535,535,317 Grant Pine Suite 407,Anitaport,New Mexico,87801
536,536,5237 Stacy Burg Apt. 217,Lake Erin,Ohio,20832
537,537,871 Soto Creek,South Rachelstad,Oregon,08575
538,538,1988 James Fords,North Michealfort,Nebraska,41626
539,539,6112 Garcia Mountains,Christophershire,Vermont,67192
540,540,4459 Lara Hill,North Dwaynetown,Kentucky,56331
541,541,064 Taylor Lodge Apt. 898,Harrisfort,Wisconsin,14401
542,542,83570 Michael Parks Suite 475,Port Jasonborough,New Mexico,02811
543,543,35233 Andrew Brooks,Kimville,Louisiana,10454
544,544,034 Moore Track,North Jeremy,Vermont,23552
545,545,4137 William Run Suite 418,North Rebecca,Florida,35702
546,546,415 Cheyenne Creek Apt. 079,Wilsonview,Maryland,02997
547,547,883 Gonzales Road Suite 522,New Christopher,Montana,80071
548,548,311 Dixon Camp,Kevintown,Missouri,03383
549,549,0166 Michele Port,South Amber,Alaska,19808
550,550,1846 Michael Rapids,Greenfurt,Nevada,92168
551,551,694 Tucker Plains,East Kennethmouth,New York,36890
552,552,106 Heather Camp,New Dylan,Washington,75107
553,553,05325 Woods Track Apt. 119,Smithville,Maine,55747
554,554,04510 Marissa Trail Apt. 007,Thomasfurt,Washington,60375
555,555,6070 Jennifer Valleys Apt. 896,Port Louis,Alabama,22017
556,556,565 Terri Forks,North Jodiland,South Carolina,18977
557,557,116 Melanie Way Apt. 115,Claireborough,Nebraska,83443
558,558,526 Russell Wall,Danielton,Utah,41021
559,559,16985 Marvin Island Suite 634,Contrerasland,Mississippi,27470
560,560,4999 Byrd River Suite 243,Christinaville,Missouri,69156
561,561,88328 Golden Bridge,Lake Alexander,Nevada,69645
562,562,51274 Lindsey Hill,Fieldshaven,Delaware,55505
563,563,67580 Gonzalez Keys,Gordonton,Colorado,28793
564,564,5086 Courtney Square Suite 750,East Jeffery,Michigan,40421
565,565,6078 Williams Creek Apt. 627,Blackville,Kansas,96586
566,566,17237 Reed Well,Jennifermouth,Delaware,45846
567,567,505 Brian Valleys Suite 292,East Kristamouth,Colorado,15376
568,568,7715 Megan Landing,Lopezborough,Connecticut,77722
569,569,84001 Cunningham Ports,Port Sabrina,Massachusetts,77054
570,570,8612 Amber Extensions Suite 159,West Janice,Utah,74705
571,571,4499 Aguilar Tunnel,Johnsonhaven,Indiana,90413
572,572,7308 Kari Plains Apt. 953,New Brianhaven,Arizona,12828
573,573,184 Macias Inlet Suite 192,Port Vincentside,Idaho,85044
574,574,451 Mendez Manor Suite 662,North Margaret,Nebraska,66302
575,575,81390 Samantha Summit Apt. 060,Dawnhaven,Hawaii,64002
576,576,04252 Ashley Greens,Jeromeport,Minnesota,95705
577,577,6317 Thomas Club Apt. 682,Krystalview,Minnesota,83331
578,578,02839 Martin Squares Apt. 903,Yoderhaven,Illinois,24334
579,579,57156 Alexander Ports Suite 458,Victoriaberg,Washington,04033
580,580,3578 Smith Crossing,North Hector,Maryland,10648
581,581,51358 Lang Pine Apt. 563,Thompsonton,Washington,13291
582,582,681 Angela Stravenue Apt. 224,Jamieshire,Vermont,12441
583,583,45659 Stone Forges,Amyland,South Dakota,42700
584,584,4389 James Gateway Suite 392,Edwardburgh,Florida,36397
585,585,64047 Shields Rest Suite 650,Port Jillview,Colorado,03297
586,586,810 Gomez Isle Apt. 790,Newtonchester,Nevada,43772
587,587,03052 Kramer Flat Apt. 828,West Edwardmouth,South Carolina,82322
588,588,543 Wilson Isle Suite 754,Jesusland,New Mexico,51546
589,589,73872 Henry Shores,Mcfarlandfort,Louisiana,81508
590,590,8982 Donna Parkways,New Michael,Rhode Island,00523
591,591,739 Robert Place Suite 094,Port Alexanderton,Pennsylvania,85713
592,592,639 Jonathan Meadows,Gibsonfort,New Mexico,32927
593,593,564 Jacqueline Mountains,Allenchester,Maryland,02111
594,594,320 Gallagher Extensions Apt. 951,Heatherburgh,Ohio,64640
595,595,8528 Preston Canyon,Juliamouth,Wisconsin,97591
596,596,74124 Peterson Forges Suite 686,Lake Mary,Nebraska,74577
597,597,8176 Vincent Cliffs Apt. 315,Mitchellton,Kansas,45564
598,598,00229 Melanie Place Apt. 677,Greenefurt,Texas,22057
599,599,45640 Carla Dale,Ethanside,North Dakota,34942
600,600,87933 Austin Motorway,East Joseph,Massachusetts,87409
601,601,004 Brady Branch,Clarkburgh,South Carolina,88400
602,602,3873 Jackson Throughway Apt. 102,Hernandezstad,Oregon,80863
603,603,524 Michael Isle Suite 865,New Phillipton,South Dakota,76249
604,604,2507 Martin Points Apt. 878,New Kevinchester,Louisiana,25331
605,605,16469 Knapp Street Suite 711,Fergusonfurt,Texas,42025
606,606,06889 Michelle Light,New Holly,Wisconsin,19693
607,607,394 Kelly Villages,West Deborahchester,Idaho,43034
608,608,674 Anthony Harbors Suite 693,East Karen,Maryland,45915
609,609,830 Kelly Shoal,North Valerie,Mississippi,27507
610,610,339 Samantha Knoll,Priscillaton,Oregon,17866
611,611,4579 Michael Mews,West Michelleville,Hawaii,83293
612,612,9842 Cole Camp,South Brendabury,Nevada,46263
613,613,92817 Williams Prairie,Lake Luis,Oklahoma,21343
614,614,209 Erica Parkways Suite 658,Christophermouth,Mississippi,27589
615,615,124 Sanders Well Suite 593,Kellerborough,California,43706
616,616,7008 Brown Crossroad Suite 267,Roberttown,Rhode Island,04892
617,617,711 Peter Green,Port Rodney,Arkansas,64803
618,618,56874 Walker Cape Suite 644,Byrdstad,Wisconsin,02349
619,619,931 Jason Freeway,East Sandra,Nevada,93202
620,620,281 Mitchell Lock,West Joshuabury,Illinois,03362
621,621,227 Davila Expressway,South Frank,Connecticut,47789
622,622,5078 Chavez Branch Suite 446,West Jaclynbury,New Mexico,54672
623,623,4049 Lopez Brooks,Jessicashire,Massachusetts,14958
624,624,645 Leblanc Harbors Apt. 862,West Robert,Maryland,72265
625,625,670 Miranda Locks Suite 883,Zacharyville,Oregon,44944
626,626,0720 Rivera Coves Suite 612,Matthewberg,Minnesota,97203
627,627,573 William Forest Apt. 184,Kennethview,Maine,12188
628,628,0785 Thompson Garden Apt. 359,Phamtown,South Carolina,84619
629,629,016 Terri Junctions Suite 812,Lesliemouth,Massachusetts,32775
630,630,63013 Daniel Burgs Suite 594,Port Carlos,Idaho,92820
631,631,954 Ward Island,Lake Susanland,Maine,85607
632,632,91319 Jacqueline Road Suite 823,Andersontown,Oregon,76856
633,633,1872 Wesley Divide Apt. 881,South Jeremyfurt,Georgia,74132
634,634,9846 Robinson Islands,East Brandonland,Georgia,09402
635,635,4618 Jeffrey Locks Apt. 040,East Richard,New York,01971
636,636,928 Wise Gardens,East Tamarachester,Alaska,63696
637,637,57249 Russell Fork Suite 063,North Ryan,Florida,97341
638,638,22823 Barbara Drives,New Robertstad,Hawaii,22386
639,639,4679 Sarah Lock Apt. 658,Lake Craig,Arkansas,70382
640,640,6661 Douglas Meadow,Kevinville,Connecticut,69581
641,641,6685 Martin Crest Apt. 968,Heidiborough,North Dakota,44935
642,642,4296 Lori Shoal Suite 228,New Nathanborough,Delaware,92079
643,643,498 Tiffany Spur Apt. 909,South Michelle,Rhode Island,62798
644,644,45125 Smith Springs,Leonardmouth,Massachusetts,15094
645,645,42279 Matthew Summit Suite 903,New Andrewland,New York,05370
646,646,44868 Nelson Cape Suite 755,Sydneyville,Pennsylvania,39384
647,647,71609 Jesus Motorway,Port Annafurt,Kentucky,69439
648,648,2647 Brianna Pike,Zacharyport,North Carolina,91636
649,649,471 Fitzgerald Grove,Emilyfurt,Connecticut,03552
650,650,163 Tracie Courts,Loriville,Kansas,66056
651,651,3176 Heather Glens,Aprilville,South Dakota,87409
652,652,577 Perez Roads,Kaylaside,Mississippi,24677
653,653,85075 Dunn Valley Suite 714,Port Mollytown,Hawaii,68695
654,654,76498 Wilson Lane,Williamsfort,North Carolina,49037
655,655,956 Jackson Flat Apt. 058,Port Colleen,Delaware,02716
656,656,51724 Ramos Plains,Luisville,North Dakota,78396
657,657,645 Ponce Port Suite 514,South Timothystad,Mississippi,66701
658,658,916 Olsen Pass Suite 279,Kathrynfurt,Missouri,95350
659,659,406 Richard Pine,Christensenborough,Vermont,64095
660,660,767 Hayes Flat Apt. 801,Jamestown,Nevada,17683
661,661,897 Todd Passage Suite 929,Rebeccaview,New York,79005
662,662,6088 Harris Branch,East Lindsey,Florida,27607
663,663,8732 Tracey Mission Apt. 371,Stanleyberg,Massachusetts,71436
664,664,1139 Williams Cape Apt. 221,Port Kristitown,New Jersey,99618
665,665,249 Bradley Road Suite 605,South Yeseniabury,Mississippi,59023
666,666,421 Debra Crescent Apt. 974,North Patriciastad,New Hampshire,61383
667,667,839 Davenport Parks,West Jeffrey,Florida,19996
668,668,75348 Stephanie Island Apt. 097,Lake Vanessafurt,Washington,53362
669,669,50636 White Vista,South Robert,Wisconsin,14931
670,670,093 Harmon Row Suite 594,East Annettefurt,Idaho,22788
671,671,260 Ashley Springs Apt. 816,North Sarahchester,New Jersey,26393
672,672,238 Robinson View,Amandaton,Utah,91264
673,673,021 Rivera Forges Apt. 323,Peterview,South Carolina,34331
674,674,3044 Barbara Passage,Christopherburgh,Colorado,22550
675,675,771 Nicholas Expressway Suite 677,Emilyfurt,Connecticut,45519
676,676,94960 Robert Cape Suite 107,Port Brittany,Idaho,92918
677,677,37983 Bauer Crescent Apt. 082,Alexton,Oklahoma,31214
678,678,54210 Stewart Harbors,Tannertown,Hawaii,69452
679,679,664 Brown Corners Apt. 731,New Carrieside,New Jersey,49933
680,680,86106 Flores Pines Apt. 559,Kelseyview,New Hampshire,04532
681,681,18415 Garrison Shore Suite 326,Michaelton,New Mexico,63252
682,682,09885 Karen Green,Davidland,New Mexico,84396
683,683,4837 Sheri Valley,Lake Amandamouth,Vermont,34610
684,684,3491 Petty Center Suite 577,Lake Andrew,Connecticut,32323
685,685,1182 Kevin Valleys,Lake Donaldhaven,Rhode Island,34142
686,686,6788 Nelson Ways,North Antonioshire,North Carolina,07784
687,687,982 Candace Ranch Apt. 691,Robertview,West Virginia,81576
688,688,90436 Crystal Stravenue Apt. 618,Emilyview,Oklahoma,44477
689,689,47578 David Roads Suite 695,East Jeffrey,South Carolina,66165
690,690,859 Martinez Trace,Port Jillian,Mississippi,80212
691,691,195 Gardner Extension Suite 658,Leeville,Wyoming,01887
692,692,945 Velazquez Tunnel Suite 670,Port Betty,Pennsylvania,41442
693,693,84310 James Forest,Stevenview,Louisiana,29401
694,694,99096 Natalie Village Suite 905,North Vanessa,Pennsylvania,58714
695,695,9458 Jones Mill,Ianbury,Iowa,53655
696,696,96814 Franklin Port,Dawnville,Texas,76827
697,697,6501 James Isle Suite 176,Howardmouth,Mississippi,76687
698,698,72930 Jones Burg Apt. 652,Charlesville,Nebraska,48737
699,699,631 Owens Cape Apt. 765,Yuview,North Carolina,17777
700,700,743 Fields Cliff,Kaitlynside,South Carolina,10655
701,701,4065 Sean Villages Apt. 428,New Jamestown,Utah,51963
702,702,1594 Peck Island Apt. 879,New Derek,Alabama,82402
703,703,70436 Wong Islands Apt. 920,Mirandachester,Delaware,69274
704,704,40940 House Stream,Lake Jessicachester,Louisiana,10373
705,705,707 Sarah Valleys,Kelseychester,Michigan,75517
706,706,585 Bobby Mountains,Marshborough,South Dakota,08926
707,707,3015 Calvin Estates,North Christopherview,Maine,28975
708,708,214 James Walks,North Toddville,Oklahoma,83558
709,709,7905 Wilson Forest,Port Eugene,Idaho,83676
710,710,7856 Rebecca Pine Suite 476,Haroldside,Maine,55248
711,711,6285 Becky Pines,Hollandtown,Mississippi,19748
712,712,607 Chapman Villages Suite 351,Jessicaville,Utah,99936
713,713,2171 Taylor Track,Douglasfurt,New Hampshire,34710
714,714,43085 Perry Spur Suite 663,Bradleyhaven,Massachusetts,01643
715,715,35588 Mckay Ford,New Ian,Tennessee,72979
716,716,6491 Wood Extensions,Briggsville,Florida,70905
717,717,5819 Johnson Manor Apt. 772,Boydland,Montana,94456
718,718,0364 Andrea Cape,Perryhaven,Maine,43898
719,719,6504 Hubbard Prairie Suite 334,New Scott,South Carolina,89315
720,720,24057 Barber Ranch,Markberg,Oklahoma,81550
721,721,6267 Freeman Run,Jessicaborough,Indiana,34318
722,722,95756 Kimberly Lodge,Thorntonmouth,Rhode Island,25904
723,723,2059 Jeffrey Way Apt. 026,East Jamestown,Hawaii,09276
724,724,2126 Damon Locks Apt. 154,East Jamesview,Oregon,66576
725,725,2537 Kennedy Valleys,Alexisland,Kansas,39860
726,726,530 Mark Highway,West Sean,Alaska,35431
727,727,9156 Michael Pine,Anthonyfort,Arizona,08873
728,728,42797 Ingram Islands,Lopezmouth,Minnesota,68232
729,729,36413 Gutierrez Forest,Elizabethfurt,Texas,55052
730,730,55815 Louis Stream,North Blake,Nebraska,82564
731,731,3642 Davidson Ports Suite 143,Douglasland,New Mexico,06195
732,732,569 Kim Tunnel,Port Corey,Indiana,61080
733,733,10364 Bryan Plains,Lake Tammy,Rhode Island,87794
734,734,1900 Fields Trail Apt. 096,Michaelmouth,Wisconsin,38815
735,735,83561 Sara Island,New Daniel,Arkansas,92205
736,736,180 Nathan Loaf,Port Paulside,Massachusetts,85933
737,737,6205 Rachael Mews,New Jillianfurt,South Dakota,54741
738,738,743 Karen Key,Cindyland,Washington,77774
739,739,261 Joshua Shores,Port Robert,West Virginia,52785
740,740,170 Rhonda River,Port Petertown,Utah,27595
741,741,3688 Bird Well Suite 856,West Jamestown,Minnesota,04904
742,742,355 Brittany Extension,East Nathaniel,New Mexico,89446
743,743,15254 Davidson Highway,Port Ricardoside,Rhode Island,58241
744,744,51267 Baker Stream Apt. 757,Acevedobury,West Virginia,50023
745,745,35491 Elizabeth Shore,Cynthiaton,West Virginia,52690
746,746,22720 Joshua Courts,Sheltonhaven,Alaska,11294
747,747,9010 Merritt Rapids Apt. 619,South Mike,New Hampshire,82720
748,748,7801 Jackson Run Apt. 533,Abigailhaven,California,80425
749,749,6693 Gonzalez Ports Suite 245,Richardview,Virginia,35900
750,750,1774 Rangel Circle Suite 628,Burnston,New York,88340
751,751,11777 Love Roads,North James,Kansas,37373
752,752,6848 Knight Summit,Richmondberg,Mississippi,18956
753,753,753 Erica Garden,Anthonyhaven,Pennsylvania,93919
754,754,4624 Pena Plaza Apt. 520,Harrisshire,Oklahoma,05115
755,755,5295 Victoria Circles,North Michael,Connecticut,52225
756,756,59299 Miranda Hills,Charlesborough,Missouri,92739
757,757,5761 Jackson Hills,Patriciachester,Massachusetts,79478
758,758,12231 Edwards Road Suite 706,West Jackshire,Tennessee,51091
759,759,70864 Vanessa Island Suite 759,Cohenview,Nebraska,65466
760,760,761 Thompson Hill,Faithberg,Georgia,58332
761,761,71512 Page Falls Apt. 512,North Joseph,Louisiana,01504
762,762,69207 Hendrix Port,Lake Elaine,Hawaii,49454
763,763,9418 Becker Pass,Juliafurt,Montana,54019
764,764,813 Katherine Junction Apt. 401,Travismouth,Wyoming,87813
765,765,430 Cox Roads,Lake Michael,Mississippi,48930
766,766,21345 Holly River Apt. 130,Elainemouth,Kentucky,73209
767,767,829 Cruz Corner Suite 651,Joelstad,West Virginia,19737
768,768,727 Scott Lane Suite 972,North George,New Jersey,36372
769,769,99700 Martinez Stream,Brownport,Mississippi,05796
770,770,858 Wilson Walk Apt. 146,Williamsonchester,Idaho,33852
771,771,272 Hansen Course,New Eric,Wisconsin,78056
772,772,11747 Garcia Gardens Suite 138,East Davidport,North Dakota,63194
773,773,5103 Gonzalez Forest,Tarahaven,Mississippi,25790
774,774,17573 Maureen Port,Rubioland,Vermont,29267
775,775,85460 Ryan Mountain Suite 480,West Mark,Texas,83151
776,776,511 Bradford Meadows,Mooreville,Washington,44114
777,777,05123 Samuel Row,North Emma,Arizona,06563
778,778,45759 Walker Isle Apt. 478,Jasmineborough,North Carolina,09778
779,779,913 Johnson Cape Apt. 137,South Danny,Oklahoma,52230
780,780,7464 Norris Corner,Stevenville,Tennessee,08918
781,781,09898 Kathryn Lake Apt. 695,Lake Shannonberg,South Dakota,50465
782,782,45402 Flores Mission Suite 337,Lambport,Kansas,15381
783,783,5879 Camacho Villages,Andreashire,Indiana,41321
784,784,84808 Willis Port,Bartonstad,Ohio,51392
785,785,3702 Andrea Rue Suite 843,New Dennisport,Kentucky,45480
786,786,7973 Baker Forks Suite 510,North Joseph,Georgia,15561
787,787,096 Rice Prairie Apt. 301,Michaelstad,Ohio,50482
788,788,17293 Tonya Terrace,Port Thomas,California,83431
789,789,94344 Walker Pass,New Andrea,Louisiana,66224
790,790,990 Glen Groves,Rayborough,Illinois,74359
791,791,30273 Tina Station Suite 810,Adkinstown,Nebraska,52423
792,792,566 Brian Isle Suite 520,Carrollfort,Ohio,52174
793,793,9471 Mathews Points,Foxstad,Virginia,06200
794,794,80158 Jacob Rapid Suite 467,New Tracymouth,Kentucky,13054
795,795,3605 Nancy Parkways Suite 134,Vazquezfurt,North Dakota,43818
796,796,9003 Diaz Key,East Brandonstad,Michigan,98587
797,797,4712 Martinez Corner,Christyberg,Arizona,27899
798,798,5710 Ellis Loaf,North Jamesborough,South Dakota,09756
799,799,025 Chan Gardens,West Raymond,North Carolina,49573
800,800,16811 Long Island Suite 930,Taylorborough,Michigan,00529
801,801,2709 Kelly Drive,East Michaelland,Washington,03384
802,802,830 Miller Summit Apt. 888,Tammyland,Hawaii,22395
803,803,4039 Vega Gateway,Nguyenshire,Indiana,52894
804,804,248 Rivera Stream,Port Tylerport,Rhode Island,15550
805,805,37599 Brittany Neck Apt. 647,Cordovaside,New Mexico,09197
806,806,56679 Matthews Prairie Apt. 662,New Albert,Massachusetts,37773
807,807,6682 Molly Throughway,Bakerfurt,South Dakota,69987
808,808,7340 Estrada Valleys Apt. 977,New Tinashire,New York,03095
809,809,32994 Jesse Spurs Suite 894,New Davidland,Maine,86400
810,810,28107 Meagan Alley,Michealview,Illinois,36683
811,811,982 Kerri Point Apt. 104,Tiffanyfort,West Virginia,02835
812,812,394 Jacob Lodge Suite 195,Pennychester,Alaska,69851
813,813,25031 Maddox Stravenue,Moodymouth,Nebraska,08811
814,814,6391 Jones Cliff Suite 490,Justinmouth,North Carolina,83087
815,815,056 Nathan Center,Jamesstad,New Mexico,03282
816,816,0354 Harrell Heights Apt. 454,Ashleyland,Louisiana,32134
817,817,29037 Krystal Circle Suite 864,South Mariofort,New Mexico,73439
818,818,24992 Jennifer Mills Suite 247,Lake Lauren,Wyoming,76883
819,819,28121 Audrey Fields,Garciashire,Ohio,17186
820,820,814 Perez Estates Suite 644,West Darrenton,Arizona,93493
821,821,99852 Mcdowell Row Suite 286,Austinside,South Dakota,09315
822,822,94771 Holloway Ridges,North Christopher,North Carolina,09477
823,823,17665 Wilson Ridges Suite 173,Davidshire,Mississippi,55106
824,824,538 Lang Wells,Keithtown,New Jersey,56888
825,825,90376 Linda Causeway,Mistyton,Maine,56590
826,826,8219 Boyd Parkways Apt. 180,Port Jennifer,North Dakota,68294
827,827,2635 Reynolds Row Suite 893,Mcguireborough,North Dakota,02312
828,828,21731 Jason Extensions,Chapmanmouth,Indiana,79243
829,829,12557 Laura Crossing,North Tammyfort,Texas,66584
830,830,927 Roger Trail,Jamesbury,Georgia,05433
831,831,1346 Joanna Dam Apt. 750,New Robertburgh,Arizona,79071
832,832,09521 Robinson Summit,Hernandezfort,New Mexico,74388
833,833,4872 James Club,Port Terrishire,Iowa,26375
834,834,933 Hamilton Stravenue,Adamshaven,Arizona,91890
835,835,649 Williams Run Suite 859,Devintown,Idaho,45510
836,836,0696 Anthony Mission,Darrylview,Rhode Island,38339
837,837,25541 Bishop Springs Apt. 206,Lake Andrew,New Jersey,75428
838,838,69340 Mathew Plaza Apt. 152,Scottport,Connecticut,53202
839,839,57598 Moore Mission Apt. 671,Everetthaven,Wyoming,42384
840,840,480 Martinez Greens Apt. 762,Mitchellland,Alabama,20429
841,841,058 Zachary Vista,Lake Hunterstad,Missouri,98575
842,842,5231 Anthony Mill,East Christinechester,North Dakota,22046
843,843,999 Roberto Extensions,Simonbury,Kentucky,20641
844,844,5306 Mckenzie Ferry,West Kathleen,Colorado,57339
845,845,07083 Jeanette Trail,Finleyville,Maryland,71992
846,846,028 White Road,Gregoryburgh,Louisiana,62743
847,847,19655 Heather Ports Suite 842,Dennisside,Alaska,78917
848,848,3468 Kathleen Vista Apt. 188,Lake Joannebury,South Carolina,85232
849,849,3186 Garcia Rue Apt. 290,Port Michael,Alaska,77984
850,850,7353 Lopez Rapids,Houseburgh,Ohio,54738
851,851,782 Katrina Drives Apt. 588,Petersonfurt,South Dakota,21270
852,852,3822 Sanchez Run Suite 024,Port Danielle,California,69082
853,853,01428 Moore Meadow,Rodriguezbury,Oregon,50935
854,854,296 Rosales Ways Suite 193,Boltonmouth,Wisconsin,82918
855,855,25718 Thompson Valleys Suite 746,New Jillianhaven,Illinois,57958
856,856,38403 Bass Ways,North William,Iowa,68745
857,857,030 Eric Mount Suite 318,Baxterstad,Louisiana,51686
858,858,04738 Jeffrey Motorway Suite 832,New Devinstad,Montana,44789
859,859,5086 Lisa Road Apt. 247,Ericksonfort,Texas,74092
860,860,6289 Vega Shoals Apt. 485,New Laurenside,Montana,82690
861,861,93104 Davis Courts Suite 340,New Mary,Virginia,27685
862,862,6098 Jackson Plaza,Nicoleside,Iowa,33551
863,863,453 Parrish Isle Suite 221,West Karen,Rhode Island,58102
864,864,36465 Johnston Locks,Whiteland,Maryland,18624
865,865,568 Troy Wall,Jacksonstad,West Virginia,02546
866,866,3253 Richardson Flats,West Amy,Arizona,43050
867,867,25562 Shah Plaza Suite 363,West Leslieton,Rhode Island,29303
868,868,0434 Kevin Bypass Suite 017,West Joannaborough,Kansas,01985
869,869,8562 Morales Street,Marissatown,Hawaii,56637
870,870,012 Reynolds Parks Apt. 981,North Patrickland,Alabama,67942
871,871,217 Tyler Square Suite 898,Englishtown,Kansas,73703
872,872,4933 Key Camp,Bensonstad,Pennsylvania,66840
873,873,2918 Timothy Orchard,Port Carlside,Oregon,83175
874,874,8403 Jennifer Summit Suite 644,Kristenville,Massachusetts,05059
875,875,2665 Bell Locks Suite 728,New Linda,Oklahoma,45591
876,876,4358 Estes Fork,Lauramouth,Idaho,05417
877,877,4148 Kevin Corner Apt. 893,New Deborahside,Idaho,73537
878,878,469 Diaz Stravenue,North Gary,Maryland,63719
879,879,68197 Guy Mill,Lake Steven,Florida,28311
880,880,1600 Craig Knoll,Hamptonville,Kansas,80478
881,881,46638 Justin Tunnel,Leahfort,Hawaii,49716
882,882,25809 Manning Oval,Morrisview,Washington,53449
883,883,79835 Bianca Harbors,New Raymondport,North Carolina,00633
884,884,50338 Jamie Mill Apt. 278,Lewisview,Wisconsin,32578
885,885,028 Deleon Circles Apt. 613,Port Emily,Illinois,24199
886,886,73648 Roberts Ways,Bonnieburgh,New Jersey,26481
887,887,8734 Ortiz Freeway Apt. 476,Lake Aprilberg,Missouri,59067
888,888,962 Joshua Shore Suite 206,South Baileyburgh,New Mexico,86908
889,889,84440 Kelsey Path,New Bethfurt,Wisconsin,35375
890,890,46568 Hansen Garden Apt. 877,East Amandaton,Georgia,94270
891,891,20734 Robin Square,West Rebeccaville,Wisconsin,30765
892,892,256 Cooper Overpass,Martinezland,California,15152
893,893,01587 Wilkerson Drive Apt. 837,Lake Kevin,Utah,69683
894,894,8376 Michael Cape Suite 460,Stevenland,Alaska,97533
895,895,8973 Smith Views Suite 198,Lake Rebecca,Missouri,68064
896,896,660 Williams Roads Suite 851,Jasonhaven,Pennsylvania,60691
897,897,154 Brown Island,New Justinstad,Hawaii,75378
898,898,454 Daniel View,Evelynville,Ohio,20243
899,899,83959 Alex Cliff Suite 164,Batesstad,Idaho,49933
900,900,56503 Austin Ranch Suite 689,Santiagohaven,Massachusetts,43133
901,901,4553 Robert Fort,Espinozafort,Montana,25809
902,902,1230 Catherine Stream,Johnview,South Dakota,43310
903,903,362 Donna Mall,Russellborough,Nevada,96228
904,904,1770 Joseph Springs Suite 410,East Nathan,Alaska,70699
905,905,5493 Allen Mill,Scottville,New Jersey,96703
906,906,661 Gregory Hill,South Lorihaven,Oklahoma,63107
907,907,09952 Watson Well,Juanmouth,North Dakota,21320
908,908,53512 Bradley Rapid Apt. 559,Monicaburgh,Connecticut,65337
909,909,64218 Riley Garden,Port Ashley,Michigan,69642
910,910,50935 Valerie Streets,Brianbury,Oklahoma,39218
911,911,8473 Nelson Stream,Darrellport,West Virginia,54523
912,912,916 Chase Rue Suite 081,Veronicaview,Oklahoma,06373
913,913,26360 Jones Locks Apt. 172,New Mark,North Dakota,52634
914,914,035 Stacy Inlet,Christophertown,Nebraska,36405
915,915,9446 John Roads Suite 187,Wilsonmouth,New Jersey,62292
916,916,3133 Traci Extension,Port Angel,Pennsylvania,97610
917,917,5822 Jennifer Gateway,New Craigfurt,Utah,28724
918,918,044 Ramos Groves,Tamarafort,Iowa,39084
919,919,738 Richardson Lane,Lake Bryanberg,Kentucky,65044
920,920,6249 Darryl Views Suite 189,Lewismouth,Missouri,94856
921,921,50777 Wright Divide Apt. 996,Hughesfurt,New Hampshire,05792
922,922,2046 Wilson Ways Apt. 986,Laurastad,Louisiana,45243
923,923,92759 Owens Ranch Apt. 579,East Samantha,Rhode Island,10432
924,924,4239 Tommy Junction Apt. 637,Mackenzieborough,New York,16882
925,925,159 Waller Mill Apt. 438,Sandrafort,Idaho,67979
926,926,636 Stephanie Mill Apt. 183,Seanstad,Virginia,07974
927,927,748 Dakota Port Apt. 420,North Christopher,Indiana,70231
928,928,4095 Walker Avenue,Wolfeport,Mississippi,84876
929,929,0881 Roberts Manor Suite 996,Justinland,New York,39948
930,930,06016 Chavez Port Suite 322,Lake Mariamouth,Virginia,35992
931,931,34798 Kayla Park,West Lisa,Delaware,34127
932,932,62220 Perry Brooks,Nicholasville,Ohio,20790
933,933,7354 Kelly Avenue,North Michelle,Kentucky,79852
934,934,9385 Nathaniel Hollow Apt. 084,Silvahaven,Missouri,13062
935,935,471 Richardson Corner,South Brittany,South Dakota,25237
936,936,073 Paul Radial,West Philipton,Utah,70227
937,937,684 Garza Rue Apt. 355,West Monica,Tennessee,95504
938,938,093 Moss Green Suite 497,East Rubenmouth,Massachusetts,84602
939,939,4230 Ball Crossing Suite 568,Port Gregoryland,Alaska,86142
940,940,93847 Brandon Highway Suite 714,Johnport,Kentucky,40488
941,941,24743 Maldonado Estates,South Kelly,Montana,32247
942,942,8858 Michelle Dam Suite 602,Shawnport,Missouri,08251
943,943,53202 Antonio Bypass Suite 674,New Angela,Oregon,58350
944,944,85624 Robinson Mills Apt. 946,Kevinland,Minnesota,22809
945,945,7438 Garrett Lights,Lake Andreaport,Mississippi,94413
946,946,07635 Hess Creek Apt. 591,East Phyllisburgh,Massachusetts,42693
947,947,7889 Ware Meadows Suite 307,Hallmouth,Nevada,27368
948,948,920 Wood Cliff Suite 820,Batesside,Kansas,69181
949,949,972 Ortiz Track,Reeseborough,Missouri,49369
950,950,743 Ramsey Springs,West Darlene,Iowa,57934
951,951,0288 Hall Highway Suite 960,New Aprilbury,Washington,44565
952,952,82536 Gail Mountain,Angelashire,Florida,92117
953,953,56582 Collins Crescent Suite 713,Amyshire,Indiana,79319
954,954,80667 Martinez Trail Apt. 088,Port Marvin,California,60462
955,955,4230 Kurt Mountain Apt. 442,Lewisfort,Pennsylvania,57370
956,956,7117 Jonathan Falls Suite 073,East William,North Carolina,99025
957,957,63835 Terri Terrace Apt. 520,New Jenny,Iowa,26924
958,958,33389 Erica Land Apt. 175,South Ralph,Arizona,14516
959,959,20742 Proctor Junctions Suite 777,Jasonview,Washington,39033
960,960,66505 Frazier Prairie Apt. 202,Lake Lisa,Texas,79374
961,961,6602 Hall Manors Apt. 619,West Debra,Illinois,70351
962,962,380 Stephens Burgs,Blakeville,Iowa,65063
963,963,63110 Ashley Inlet,East Stefanieland,Virginia,84070
964,964,830 Cook Oval,South James,Ohio,86708
965,965,3669 Manning Field Suite 080,North Elijah,Washington,98457
966,966,440 Susan Centers,South Joshua,Indiana,62058
967,967,4942 Debbie Springs Apt. 171,Nicholasshire,Alaska,89439
968,968,2780 John Vista,Rojasmouth,Idaho,33266
969,969,97581 Archer Mission Apt. 806,West Amanda,Maine,53639
970,970,0090 Stone Prairie Apt. 444,New Caroltown,New Jersey,45038
971,971,1617 Armstrong Forks,North Mariabury,Maine,93289
972,972,869 Carrie Coves,Josehaven,Oregon,41666
973,973,0254 Fischer Walk Suite 440,Kendramouth,Colorado,18000
974,974,5256 Keith Isle,South Mark,Illinois,98589
975,975,91585 Moore Ports Suite 409,New William,Louisiana,56241
976,976,558 Joyce Junction,West Kimberly,Colorado,71344
977,977,09897 Christine Roads,East Samanthatown,Mississippi,29284
978,978,8793 Cole Greens Apt. 287,Jeremiahtown,Indiana,02453
979,979,40178 Amanda Ports Apt. 301,Lake Ruthberg,Tennessee,17364
980,980,289 Earl Meadow Suite 687,South Michael,North Carolina,58163
981,981,482 Brown Lakes Apt. 198,New Dianeborough,Mississippi,61343
982,982,17644 Berg Shore Apt. 279,Lake Jennifer,Virginia,73268
983,983,80172 Williams Forge Suite 520,Roachton,Florida,64882
984,984,505 Nichole Village,Lake Dustin,Indiana,38456
985,985,4957 Sean Parkways,Lisaport,Kansas,82371
986,986,10752 Garcia Plaza,West Carl,Mississippi,20717
987,987,6820 Phillips Track Apt. 433,Timothyburgh,Oregon,60261
988,988,743 Jeremy Bridge Apt. 094,East Melissabury,New York,91659
989,989,7440 Cheryl Parks,East James,New Hampshire,95605
990,990,548 Blake Parkway,New Franciscotown,Arizona,69393
991,991,2249 Church Dale Apt. 227,Port Stephanie,Missouri,85669
992,992,108 Erin Mews Apt. 478,Thomasstad,Texas,60245
993,993,33350 York Green,West Staceystad,Oklahoma,04406
994,994,165 Maria Squares Apt. 506,East Jacqueline,Maine,25235
995,995,477 Bradley Forges Suite 092,South Mitchell,West Virginia,73532
996,996,9694 Brittney Station Suite 968,Chenburgh,Illinois,76385
997,997,61228 Jennifer Shoal Suite 526,New Debra,Kansas,63169
998,998,415 Jennifer Dam Suite 956,North Brittany,Nevada,91403
999,999,134 Courtney Cape,New Deborah,Nebraska,16844
1000,1000,855 Samuel Villages Apt. 266,West Brittany,California,48831
